Varaint	4agn_ligand_similar_1	4agn_ligand_similar_2	4agn_ligand_similar_4	4agp_ligand_similar_1	4agp_ligand_similar_2	4agq_ligand_similar_1	4agq_ligand_similar_2	4agq_ligand_similar_3	5a7b_ligand_similar_1	5a7b_ligand_similar_2	5a7b_ligand_similar_3	5a7b_ligand_similar_4	5a7b_ligand_similar_5	5a7b_ligand_similar_6	5aba_ligand_similar_1	5aba_ligand_similar_10	5aba_ligand_similar_100	5aba_ligand_similar_101	5aba_ligand_similar_102	5aba_ligand_similar_103	5aba_ligand_similar_11	5aba_ligand_similar_12	5aba_ligand_similar_13	5aba_ligand_similar_15	5aba_ligand_similar_17	5aba_ligand_similar_18	5aba_ligand_similar_19	5aba_ligand_similar_2	5aba_ligand_similar_20	5aba_ligand_similar_22	5aba_ligand_similar_23	5aba_ligand_similar_24	5aba_ligand_similar_25	5aba_ligand_similar_26	5aba_ligand_similar_28	5aba_ligand_similar_29	5aba_ligand_similar_3	5aba_ligand_similar_30	5aba_ligand_similar_31	5aba_ligand_similar_32	5aba_ligand_similar_33	5aba_ligand_similar_34	5aba_ligand_similar_35	5aba_ligand_similar_36	5aba_ligand_similar_37	5aba_ligand_similar_38	5aba_ligand_similar_39	5aba_ligand_similar_4	5aba_ligand_similar_40	5aba_ligand_similar_41	5aba_ligand_similar_42	5aba_ligand_similar_43	5aba_ligand_similar_44	5aba_ligand_similar_45	5aba_ligand_similar_46	5aba_ligand_similar_47	5aba_ligand_similar_48	5aba_ligand_similar_49	5aba_ligand_similar_5	5aba_ligand_similar_50	5aba_ligand_similar_51	5aba_ligand_similar_52	5aba_ligand_similar_53	5aba_ligand_similar_54	5aba_ligand_similar_55	5aba_ligand_similar_56	5aba_ligand_similar_57	5aba_ligand_similar_58	5aba_ligand_similar_59	5aba_ligand_similar_6	5aba_ligand_similar_60	5aba_ligand_similar_61	5aba_ligand_similar_62	5aba_ligand_similar_63	5aba_ligand_similar_64	5aba_ligand_similar_65	5aba_ligand_similar_66	5aba_ligand_similar_67	5aba_ligand_similar_68	5aba_ligand_similar_69	5aba_ligand_similar_7	5aba_ligand_similar_70	5aba_ligand_similar_71	5aba_ligand_similar_72	5aba_ligand_similar_73	5aba_ligand_similar_74	5aba_ligand_similar_75	5aba_ligand_similar_76	5aba_ligand_similar_77	5aba_ligand_similar_78	5aba_ligand_similar_79	5aba_ligand_similar_8	5aba_ligand_similar_80	5aba_ligand_similar_81	5aba_ligand_similar_82	5aba_ligand_similar_83	5aba_ligand_similar_84	5aba_ligand_similar_85	5aba_ligand_similar_86	5aba_ligand_similar_87	5aba_ligand_similar_88	5aba_ligand_similar_89	5aba_ligand_similar_9	5aba_ligand_similar_90	5aba_ligand_similar_91	5aba_ligand_similar_92	5aba_ligand_similar_93	5aba_ligand_similar_94	5aba_ligand_similar_95	5aba_ligand_similar_96	5aba_ligand_similar_97	5aba_ligand_similar_98	5aba_ligand_similar_99
5a7b_protein_Repair_1	-6.0	-5.0	-4.6	-6.0	-5.9	-6.0	-3.8	-6.7	-5.5	-5.9	-4.8	-6.1	-6.7	-6.0	-5.2	-3.3	-6.6	-6.2	-6.4	-5.2	-5.5	-5.5	-6.0	-6.2	-6.4	-6.6	-5.8	-5.5	-5.9	-6.0	-5.8	-5.6	-6.3	-6.2	-6.3	-6.6	-5.9	-6.7	-6.6	-6.1	-6.1	-5.9	-6.2	-5.6	-3.2	-6.3	-5.6	-5.2	-5.3	-6.6	-6.0	-6.2	-5.3	-5.9	-5.8	-5.4	-5.9	-6.2	-6.2	-6.1	-5.4	-5.7	-6.3	-6.7	-6.2	-6.1	-4.8	-3.2	-3.8	-6.0	-6.6	-5.5	-6.8	-6.2	-6.3	-6.0	-6.5	-7.0	-5.8	-5.2	-5.7	-5.8	-6.0	-7.3	-6.1	-5.5	-5.6	-6.3	-5.4	-5.2	-5.3	-6.7	-5.5	-5.3	-6.6	-6.5	-6.6	-5.4	-3.8	-5.6	-5.6	-5.6	-6.4	-5.7	-3.2	-6.4	-7.1	-5.2	-5.6	-6.2	-5.5	-7.1	-6.9
5a7b_protein_Repair_10	-5.3	-4.6	-4.8	-5.6	-5.2	-5.8	-3.8	-6.3	-5.2	-5.7	-5.2	-5.7	-6.2	-6.2	-5.6	-3.4	-6.4	-6.1	-6.2	-5.0	-5.2	-5.1	-5.7	-5.5	-5.9	-6.1	-5.2	-5.6	-5.4	-5.0	-5.7	-5.4	-6.3	-5.6	-5.7	-6.5	-5.8	-6.0	-6.0	-6.2	-6.0	-6.1	-5.8	-5.7	-3.4	-6.3	-5.6	-5.5	-5.1	-6.5	-6.4	-6.0	-5.0	-6.1	-5.5	-4.9	-6.2	-6.4	-5.8	-5.7	-4.8	-5.8	-5.8	-6.4	-6.4	-6.2	-5.1	-3.4	-3.9	-5.5	-6.3	-5.1	-6.7	-5.6	-6.0	-5.8	-6.6	-6.3	-4.8	-5.4	-5.7	-5.9	-6.4	-7.2	-5.7	-5.6	-6.2	-6.3	-5.2	-4.9	-4.8	-6.4	-4.8	-4.8	-6.5	-6.4	-6.2	-4.5	-3.9	-5.4	-5.5	-5.3	-6.2	-5.3	-3.4	-6.2	-6.2	-6.3	-5.8	-6.0	-5.3	-7.2	-6.7
5a7b_protein_Repair_100	-6.0	-4.6	-5.0	-5.9	-5.4	-6.6	-3.9	-6.6	-5.8	-5.7	-5.7	-6.5	-6.4	-6.4	-5.9	-3.2	-6.4	-6.5	-6.0	-5.2	-5.5	-5.1	-6.1	-5.7	-6.4	-6.6	-5.8	-5.9	-5.6	-5.3	-6.0	-5.5	-6.4	-6.4	-5.8	-6.2	-5.9	-6.0	-6.6	-5.8	-5.9	-6.0	-5.9	-6.1	-3.3	-6.5	-6.5	-5.6	-5.3	-6.6	-7.2	-5.5	-5.1	-5.7	-5.6	-5.5	-6.0	-6.4	-6.3	-6.5	-4.8	-5.6	-5.7	-6.9	-5.9	-5.7	-5.9	-3.2	-3.9	-5.6	-6.3	-5.7	-7.8	-5.5	-6.2	-6.3	-5.6	-6.8	-5.7	-5.5	-6.3	-6.4	-6.0	-7.4	-5.9	-6.4	-5.9	-6.2	-5.8	-5.6	-5.3	-6.6	-5.0	-5.7	-6.8	-6.1	-6.1	-5.2	-3.9	-5.0	-5.3	-5.6	-6.6	-5.1	-3.2	-6.0	-6.0	-5.6	-6.0	-5.3	-5.2	-6.9	-7.2
5a7b_protein_Repair_101	-5.9	-4.5	-5.0	-5.7	-5.7	-6.1	-3.8	-6.4	-5.3	-5.7	-5.7	-5.5	-6.1	-7.1	-5.3	-3.3	-6.3	-6.3	-6.9	-4.8	-5.4	-5.1	-6.0	-5.5	-5.9	-6.0	-5.1	-5.4	-5.6	-5.0	-5.7	-5.4	-6.3	-5.4	-5.7	-6.3	-5.6	-6.1	-6.4	-5.4	-5.8	-6.1	-5.6	-5.9	-3.3	-6.2	-5.7	-5.5	-5.5	-6.3	-6.7	-5.3	-5.1	-5.6	-5.1	-5.1	-5.5	-6.4	-5.7	-6.0	-5.7	-5.2	-5.7	-6.6	-5.8	-6.3	-5.2	-3.3	-3.7	-5.0	-6.0	-5.4	-6.6	-5.4	-5.9	-6.2	-5.6	-6.6	-5.1	-4.8	-6.4	-5.9	-6.1	-7.0	-5.8	-5.7	-5.7	-5.5	-5.6	-5.2	-4.9	-6.5	-4.8	-4.9	-6.4	-5.5	-6.0	-4.8	-3.7	-5.8	-5.0	-5.5	-6.5	-5.0	-3.3	-6.1	-6.6	-5.3	-5.5	-5.6	-5.4	-6.9	-7.0
5a7b_protein_Repair_102	-5.1	-4.3	-4.8	-5.8	-5.8	-5.3	-4.0	-5.9	-5.8	-5.7	-5.0	-5.3	-5.7	-6.1	-5.4	-3.4	-6.3	-6.3	-5.8	-5.5	-5.5	-5.0	-5.7	-5.4	-5.7	-6.3	-4.8	-5.6	-6.0	-5.3	-5.6	-5.1	-6.8	-6.2	-5.8	-6.7	-5.7	-6.5	-5.9	-6.6	-6.0	-5.5	-4.8	-5.7	-3.4	-5.9	-5.6	-5.3	-4.9	-6.9	-6.1	-5.0	-5.1	-5.2	-5.0	-5.4	-5.7	-6.6	-5.4	-6.4	-4.7	-5.6	-5.6	-6.3	-5.7	-5.6	-4.6	-3.4	-3.9	-5.5	-6.2	-5.7	-7.4	-5.0	-5.9	-6.2	-5.9	-6.0	-4.8	-5.0	-6.1	-5.7	-5.7	-7.1	-5.6	-5.6	-5.6	-5.9	-5.3	-5.0	-5.0	-6.4	-4.8	-4.7	-6.0	-5.2	-5.0	-4.9	-3.8	-4.9	-5.2	-5.1	-6.3	-5.0	-3.4	-6.3	-5.8	-5.4	-6.1	-5.9	-5.5	-6.5	-6.8
5a7b_protein_Repair_103	-5.7	-4.3	-5.3	-5.9	-	-	-3.9	-6.1	-6.0	-5.9	-	-5.5	-6.3	-	-5.4	-3.4	-7.1	-	-6.1	-5.4	-5.4	-5.6	-6.5	-6.1	-5.7	-6.5	-5.2	-5.6	-5.5	-5.8	-5.9	-5.8	-6.6	-6.2	-6.2	-6.3	-5.6	-6.3	-5.6	-6.6	-6.1	-6.1	-5.6	-6.2	-3.4	-6.6	-5.5	-5.4	-5.0	-6.5	-6.5	-5.5	-5.4	-6.0	-5.3	-5.2	-6.0	-7.0	-5.9	-6.6	-5.5	-5.4	-5.9	-5.7	-6.8	-5.9	-4.7	-3.4	-3.8	-5.2	-6.0	-5.6	-7.0	-5.4	-5.7	-6.5	-6.0	-6.1	-5.4	-4.9	-	-5.8	-6.0	-7.2	-5.7	-5.6	-5.7	-6.1	-5.8	-5.4	-5.4	-7.2	-5.6	-5.1	-6.3	-5.7	-5.7	-5.3	-3.8	-5.1	-5.3	-5.4	-6.6	-5.6	-3.4	-6.3	-6.7	-5.4	-6.0	-5.6	-5.6	-7.7	-7.5
5a7b_protein_Repair_104	-5.4	-4.5	-5.2	-5.5	-5.4	-5.5	-3.8	-6.1	-5.3	-5.4	-4.7	-5.6	-5.8	-	-5.5	-3.4	-6.2	-6.1	-5.7	-4.8	-5.2	-4.6	-5.9	-5.1	-5.7	-6.4	-5.2	-5.6	-5.2	-4.9	-5.4	-5.0	-6.0	-6.1	-5.6	-5.4	-5.8	-5.7	-5.8	-6.5	-5.3	-5.8	-5.4	-5.2	-3.6	-5.7	-5.5	-5.2	-5.1	-6.3	-6.3	-5.3	-5.0	-5.2	-4.9	-5.1	-5.9	-6.4	-5.6	-5.8	-4.8	-5.0	-5.0	-6.2	-6.2	-5.2	-4.6	-3.4	-4.1	-5.5	-5.7	-5.2	-7.2	-5.3	-5.7	-5.1	-5.5	-6.3	-4.2	-4.8	-5.6	-5.4	-5.5	-6.9	-5.5	-5.5	-5.7	-5.6	-5.1	-4.7	-4.8	-6.5	-4.6	-5.1	-5.9	-5.2	-5.3	-4.0	-4.1	-4.8	-4.7	-5.1	-6.2	-5.1	-3.6	-6.0	-5.8	-5.7	-5.9	-5.2	-4.8	-6.8	-6.6
5a7b_protein_Repair_105	-5.2	-4.7	-5.5	-5.3	-5.4	-5.6	-3.7	-6.5	-5.4	-5.4	-4.7	-5.8	-6.3	-5.9	-5.4	-3.3	-6.7	-6.6	-5.9	-5.0	-5.2	-4.8	-5.6	-5.4	-5.7	-6.2	-5.0	-5.4	-5.0	-5.3	-5.4	-5.2	-6.5	-5.7	-5.8	-6.3	-5.7	-6.3	-6.4	-5.8	-5.8	-6.2	-5.5	-5.6	-3.3	-6.1	-5.3	-5.1	-4.9	-6.3	-5.9	-5.3	-5.3	-5.7	-5.2	-5.1	-5.6	-6.9	-5.6	-6.3	-5.1	-5.5	-5.7	-5.9	-6.2	-5.9	-5.0	-3.3	-3.9	-5.8	-6.0	-5.4	-6.9	-5.2	-5.7	-5.6	-6.3	-5.9	-4.9	-4.7	-5.7	-5.8	-5.9	-6.7	-6.1	-5.2	-6.1	-5.8	-5.2	-4.7	-4.9	-6.5	-5.0	-4.5	-6.3	-5.8	-5.4	-4.4	-3.9	-5.3	-5.1	-5.6	-6.8	-5.2	-3.3	-6.1	-7.0	-5.2	-5.9	-5.7	-5.4	-6.6	-7.0
5a7b_protein_Repair_106	-5.3	-4.6	-5.0	-6.1	-5.6	-6.5	-3.8	-5.9	-6.3	-5.6	-4.8	-5.9	-6.3	-6.1	-5.9	-3.5	-6.2	-6.4	-6.3	-4.9	-5.3	-5.0	-6.0	-5.6	-6.0	-6.5	-5.4	-5.9	-5.4	-5.1	-5.9	-5.3	-6.7	-5.7	-5.6	-5.9	-6.1	-6.3	-5.8	-5.6	-6.4	-5.6	-5.3	-6.0	-3.3	-6.2	-5.6	-6.0	-5.5	-6.7	-6.2	-5.6	-5.3	-5.6	-5.8	-5.3	-5.8	-6.6	-5.6	-5.6	-5.3	-5.9	-5.8	-5.8	-6.3	-5.8	-5.3	-3.3	-4.0	-5.2	-6.5	-5.6	-7.4	-5.3	-5.7	-5.7	-6.1	-5.9	-4.5	-5.0	-5.9	-5.3	-5.9	-7.0	-6.1	-5.6	-6.1	-6.5	-5.3	-5.5	-4.9	-6.3	-5.1	-5.1	-6.2	-5.8	-5.5	-4.4	-3.9	-5.3	-5.3	-5.8	-6.5	-5.2	-3.5	-6.2	-5.8	-5.4	-5.4	-5.6	-5.2	-6.9	-7.1
5a7b_protein_Repair_107	-5.5	-4.3	-5.2	-5.7	-5.9	-5.8	-4.0	-6.1	-5.3	-6.1	-4.5	-5.4	-6.4	-5.7	-5.7	-3.5	-6.9	-6.3	-7.0	-5.3	-5.0	-5.2	-5.5	-5.6	-5.8	-6.5	-5.0	-5.8	-5.5	-5.3	-5.6	-5.3	-6.5	-5.8	-5.6	-5.6	-6.0	-6.0	-5.9	-5.4	-6.3	-5.5	-5.4	-5.8	-3.5	-6.3	-5.7	-5.8	-5.7	-6.7	-6.2	-5.1	-5.3	-5.5	-5.2	-5.2	-5.8	-6.5	-6.0	-6.0	-5.2	-5.4	-5.6	-6.1	-5.8	-5.5	-5.0	-3.5	-3.7	-5.2	-6.2	-5.4	-6.7	-5.1	-5.7	-5.8	-6.0	-5.7	-4.6	-4.7	-6.1	-5.6	-6.0	-7.0	-6.1	-5.4	-6.1	-6.0	-5.5	-5.3	-5.1	-6.8	-4.5	-5.1	-6.3	-5.8	-5.3	-4.4	-3.7	-5.0	-5.3	-5.8	-6.6	-5.6	-3.4	-5.8	-6.0	-5.4	-5.5	-5.3	-5.5	-6.9	-6.9
5a7b_protein_Repair_108	-5.6	-4.9	-5.1	-5.4	-5.8	-5.9	-3.8	-6.9	-5.9	-5.7	-5.3	-5.5	-6.2	-	-5.7	-3.3	-7.2	-6.8	-6.3	-4.9	-5.5	-5.3	-6.1	-6.0	-6.3	-6.7	-5.4	-5.6	-5.4	-5.1	-5.7	-5.3	-6.7	-5.6	-5.6	-6.0	-6.0	-6.4	-6.1	-6.2	-6.2	-5.7	-6.2	-5.9	-3.3	-6.3	-5.6	-5.4	-5.3	-6.5	-6.5	-5.6	-5.5	-5.6	-5.7	-5.4	-6.3	-7.0	-5.9	-6.0	-5.4	-5.7	-5.9	-5.9	-6.5	-5.9	-5.0	-3.3	-3.9	-5.5	-6.2	-5.7	-7.0	-6.3	-5.9	-6.3	-6.4	-6.0	-5.1	-5.1	-5.8	-5.8	-6.3	-7.2	-5.9	-5.7	-5.9	-6.1	-5.7	-5.2	-5.1	-7.3	-4.7	-5.3	-6.6	-5.8	-6.0	-4.9	-3.9	-5.2	-5.6	-5.5	-7.0	-5.3	-3.3	-6.8	-6.3	-6.2	-5.8	-6.0	-5.8	-7.8	-7.7
5a7b_protein_Repair_109	-5.3	-4.3	-5.6	-5.5	-5.6	-5.5	-3.8	-6.0	-5.5	-5.6	-5.2	-5.8	-5.9	-5.6	-5.4	-3.2	-6.7	-6.5	-5.6	-5.2	-5.3	-4.8	-5.7	-5.4	-5.8	-6.4	-4.8	-5.3	-5.2	-5.3	-5.4	-5.1	-6.6	-5.4	-5.4	-6.4	-5.8	-6.1	-6.0	-5.9	-5.7	-5.4	-5.4	-5.4	-3.3	-5.7	-5.7	-5.2	-4.8	-6.3	-6.3	-5.2	-5.1	-5.3	-5.2	-5.2	-5.7	-6.8	-5.8	-5.8	-5.5	-5.3	-5.5	-6.2	-5.8	-5.7	-4.5	-3.2	-3.9	-5.3	-6.3	-5.1	-6.4	-5.2	-6.1	-6.0	-5.7	-6.4	-4.9	-4.7	-5.5	-5.9	-5.8	-6.6	-5.7	-5.5	-5.7	-6.3	-5.2	-4.9	-4.8	-6.9	-4.4	-4.6	-6.8	-5.4	-5.1	-4.6	-3.9	-5.0	-5.2	-5.1	-6.8	-5.0	-3.3	-6.1	-5.5	-5.2	-5.5	-6.0	-4.8	-6.7	-7.0
5a7b_protein_Repair_11	-5.9	-4.9	-5.6	-6.2	-5.6	-6.3	-3.9	-6.3	-5.7	-6.0	-5.3	-5.8	-6.5	-6.1	-5.9	-3.3	-6.5	-6.5	-6.0	-5.4	-5.7	-5.2	-6.3	-6.2	-6.3	-6.6	-5.7	-6.0	-5.8	-6.0	-6.3	-5.7	-6.4	-6.4	-5.9	-7.1	-6.2	-6.5	-6.3	-6.7	-5.7	-6.2	-5.9	-6.2	-3.3	-6.5	-6.0	-6.2	-5.6	-6.8	-7.1	-6.1	-5.4	-6.2	-5.9	-5.6	-6.1	-6.5	-6.3	-6.7	-5.4	-6.1	-6.4	-7.0	-6.6	-6.4	-5.1	-3.3	-3.9	-6.1	-6.6	-5.9	-7.7	-6.1	-6.4	-6.0	-6.7	-6.4	-5.6	-5.4	-6.1	-6.8	-6.5	-7.6	-6.5	-6.0	-6.3	-6.4	-5.6	-5.3	-5.5	-6.8	-5.3	-5.4	-6.4	-6.3	-6.3	-5.3	-3.9	-5.4	-5.7	-6.0	-6.9	-5.2	-3.3	-6.5	-6.3	-6.2	-6.1	-6.0	-5.8	-6.7	-6.8
5a7b_protein_Repair_110	-5.9	-5.1	-5.3	-5.4	-6.0	-6.4	-3.8	-6.9	-5.4	-6.1	-5.1	-6.3	-6.4	-6.2	-5.8	-3.2	-6.5	-6.4	-6.3	-5.2	-5.5	-5.5	-6.5	-5.9	-6.5	-6.7	-5.5	-5.6	-5.7	-5.4	-6.2	-5.4	-6.3	-6.0	-6.2	-6.7	-5.8	-6.9	-6.4	-6.7	-6.2	-5.7	-5.7	-6.5	-3.2	-6.4	-5.4	-5.7	-5.4	-6.4	-6.3	-5.1	-5.4	-5.8	-5.3	-5.5	-6.1	-6.7	-5.9	-6.2	-5.3	-5.8	-6.2	-6.4	-6.5	-5.9	-4.9	-3.2	-3.9	-5.5	-6.1	-5.8	-7.0	-5.6	-6.1	-5.6	-6.3	-6.5	-5.0	-5.1	-5.9	-5.9	-6.0	-7.3	-6.7	-5.6	-5.7	-5.9	-5.5	-5.3	-5.0	-6.7	-4.9	-5.2	-6.5	-6.2	-6.2	-5.2	-3.9	-5.7	-5.4	-5.7	-6.5	-5.7	-3.2	-6.4	-7.2	-5.7	-6.4	-5.9	-5.9	-7.0	-6.7
5a7b_protein_Repair_111	-5.9	-4.8	-5.2	-5.9	-5.9	-6.0	-3.8	-6.7	-5.8	-5.8	-5.5	-5.8	-5.8	-6.5	-5.6	-3.6	-7.1	-6.9	-6.3	-5.1	-5.6	-5.1	-6.0	-5.8	-6.1	-6.3	-5.1	-5.6	-5.5	-5.1	-5.6	-5.3	-6.8	-6.1	-5.8	-6.2	-5.7	-6.0	-6.3	-6.2	-5.7	-5.6	-5.5	-5.9	-3.6	-6.0	-5.5	-5.3	-5.2	-6.6	-6.4	-5.3	-5.0	-5.4	-5.5	-5.5	-5.9	-7.0	-6.2	-6.1	-5.1	-5.4	-6.0	-6.4	-6.4	-5.7	-5.0	-3.6	-3.9	-5.6	-6.5	-5.4	-6.9	-5.4	-6.5	-5.9	-6.4	-5.9	-5.1	-5.1	-6.5	-6.0	-6.0	-7.1	-6.1	-5.8	-5.8	-6.3	-5.6	-5.3	-5.2	-6.9	-4.7	-5.1	-6.7	-6.0	-5.7	-4.8	-3.9	-5.3	-5.5	-5.5	-6.9	-5.3	-3.6	-6.4	-6.4	-5.4	-6.3	-5.9	-5.5	-7.5	-7.4
5a7b_protein_Repair_112	-5.4	-4.6	-5.3	-6.0	-6.0	-5.7	-3.7	-6.4	-6.1	-6.1	-5.5	-5.6	-6.4	-6.4	-5.5	-3.2	-6.9	-6.7	-5.8	-5.2	-5.4	-4.9	-6.0	-5.7	-6.2	-6.4	-5.2	-5.6	-5.2	-5.4	-5.5	-5.4	-6.4	-6.0	-5.8	-6.5	-5.5	-6.5	-6.3	-6.2	-6.1	-5.6	-5.7	-5.7	-3.2	-6.3	-5.4	-5.4	-5.2	-6.5	-6.2	-5.4	-4.8	-5.8	-5.7	-5.4	-5.9	-6.9	-5.7	-5.9	-5.4	-5.8	-5.6	-6.0	-5.9	-5.9	-5.0	-3.2	-3.8	-6.0	-6.3	-5.5	-7.3	-5.9	-6.1	-5.5	-5.9	-6.1	-4.6	-5.0	-5.8	-6.1	-6.0	-6.8	-5.9	-5.5	-5.9	-5.9	-5.6	-5.2	-5.1	-7.0	-4.7	-5.3	-7.8	-6.2	-6.5	-4.6	-3.8	-5.5	-5.5	-5.3	-6.9	-5.4	-3.2	-6.0	-6.3	-5.9	-5.7	-6.0	-5.6	-7.2	-7.8
5a7b_protein_Repair_113	-6.1	-4.7	-5.8	-5.9	-5.7	-5.9	-4.0	-6.6	-6.2	-5.8	-5.1	-5.9	-6.4	-6.5	-5.8	-3.3	-6.6	-6.4	-6.0	-5.3	-5.5	-5.1	-6.4	-6.1	-6.2	-6.4	-5.3	-5.8	-5.4	-5.2	-5.9	-5.6	-6.4	-6.4	-6.2	-6.6	-6.2	-6.9	-6.3	-6.4	-6.4	-6.1	-5.7	-6.2	-3.3	-6.4	-5.9	-5.4	-5.4	-6.5	-6.7	-5.7	-5.3	-6.1	-5.9	-5.2	-6.3	-6.7	-6.4	-6.1	-5.5	-6.0	-6.0	-6.7	-6.6	-6.2	-5.3	-3.3	-3.9	-5.8	-6.4	-5.7	-6.8	-5.6	-6.2	-6.4	-6.5	-6.4	-5.1	-5.5	-5.8	-6.2	-6.2	-7.0	-5.8	-5.9	-5.6	-6.4	-6.1	-5.2	-5.3	-6.8	-5.1	-5.3	-6.6	-6.3	-6.6	-5.0	-3.9	-5.6	-6.0	-5.4	-6.6	-5.3	-3.3	-6.8	-6.5	-5.4	-6.2	-6.2	-5.4	-7.1	-6.8
5a7b_protein_Repair_114	-5.6	-4.8	-5.4	-6.1	-5.7	-6.1	-3.8	-6.6	-5.6	-5.6	-6.1	-5.9	-6.5	-6.9	-5.6	-3.3	-6.3	-6.8	-5.7	-5.7	-5.6	-5.2	-6.3	-5.9	-6.0	-6.6	-5.5	-5.8	-5.4	-5.5	-5.7	-5.3	-6.3	-6.5	-5.8	-6.7	-6.0	-6.6	-6.4	-6.5	-6.2	-6.0	-5.7	-6.1	-3.3	-6.4	-5.7	-5.6	-5.6	-6.4	-6.8	-5.4	-5.3	-6.0	-5.8	-5.2	-6.3	-6.5	-5.7	-6.3	-5.5	-6.5	-6.3	-6.5	-6.4	-5.9	-4.9	-3.3	-3.9	-5.5	-6.4	-5.5	-7.9	-6.1	-6.1	-6.4	-6.3	-6.5	-5.2	-5.6	-5.8	-6.0	-6.2	-6.7	-5.9	-5.8	-6.1	-6.1	-5.9	-5.3	-5.2	-6.5	-5.1	-5.3	-7.0	-6.3	-6.4	-5.4	-3.9	-5.8	-5.4	-5.6	-6.2	-5.5	-3.2	-6.3	-6.5	-5.5	-6.0	-6.1	-5.6	-7.3	-7.2
5a7b_protein_Repair_115	-5.8	-4.8	-5.5	-5.4	-5.4	-6.6	-3.9	-6.0	-5.8	-5.4	-4.7	-5.8	-6.6	-7.2	-5.4	-3.4	-6.6	-6.3	-6.4	-5.4	-5.5	-5.1	-6.0	-5.8	-5.8	-6.2	-5.1	-5.5	-5.5	-5.2	-5.7	-5.3	-6.4	-6.0	-5.7	-6.4	-5.9	-6.4	-6.2	-6.3	-5.9	-6.0	-5.6	-6.0	-3.4	-6.3	-5.4	-5.6	-5.0	-6.5	-6.3	-6.2	-5.1	-6.0	-5.3	-5.1	-6.6	-6.4	-5.9	-5.9	-5.1	-6.1	-6.2	-6.5	-5.8	-6.2	-4.7	-3.4	-3.9	-5.4	-6.4	-5.3	-6.4	-5.2	-6.0	-5.6	-6.1	-5.9	-4.7	-5.3	-5.7	-6.0	-6.3	-7.4	-6.0	-5.5	-6.0	-6.4	-5.1	-5.0	-4.8	-6.6	-4.7	-4.9	-6.9	-6.0	-6.6	-4.9	-3.8	-5.3	-5.5	-5.2	-6.7	-5.2	-3.4	-6.1	-5.9	-5.8	-6.0	-6.2	-5.2	-6.9	-6.5
5a7b_protein_Repair_116	-5.8	-4.7	-5.6	-5.6	-5.7	-6.4	-3.9	-6.5	-5.6	-5.7	-5.9	-5.8	-6.3	-7.1	-5.9	-3.3	-6.8	-6.7	-6.6	-5.2	-5.9	-5.4	-6.5	-6.0	-6.2	-6.7	-5.4	-6.0	-5.4	-5.6	-5.8	-5.4	-6.4	-6.4	-6.0	-6.6	-6.1	-6.8	-6.0	-6.8	-6.6	-6.0	-5.8	-6.1	-3.3	-6.5	-5.7	-5.4	-5.4	-6.7	-7.0	-5.9	-5.3	-6.0	-5.6	-5.3	-6.1	-6.8	-5.9	-6.4	-5.5	-5.8	-6.4	-6.4	-6.6	-6.4	-5.0	-3.3	-4.0	-6.0	-6.6	-5.8	-7.8	-5.7	-6.4	-6.3	-6.5	-6.5	-5.3	-5.5	-6.2	-6.1	-6.4	-6.8	-6.1	-5.9	-6.2	-6.5	-6.1	-5.3	-5.1	-6.5	-5.3	-5.4	-6.6	-6.2	-6.1	-5.1	-4.0	-5.4	-5.7	-5.7	-6.5	-5.3	-3.3	-6.9	-6.6	-5.6	-6.1	-6.6	-5.5	-7.3	-7.3
5a7b_protein_Repair_117	-6.0	-4.9	-5.6	-5.8	-6.1	-6.0	-4.0	-6.2	-6.0	-6.0	-5.7	-6.0	-6.4	-6.5	-5.5	-3.3	-6.8	-6.6	-6.2	-5.3	-5.5	-5.4	-5.7	-5.5	-6.3	-6.4	-5.2	-5.8	-5.9	-5.8	-5.8	-5.5	-6.8	-6.0	-5.8	-6.7	-5.7	-6.3	-6.5	-6.6	-6.0	-6.3	-5.8	-5.7	-3.4	-6.5	-5.6	-5.3	-5.3	-6.6	-7.1	-5.6	-5.1	-6.2	-5.8	-5.3	-6.1	-6.8	-6.0	-6.1	-5.5	-5.4	-6.1	-6.6	-6.7	-6.5	-5.0	-3.3	-3.9	-5.6	-6.7	-5.5	-7.9	-5.8	-6.1	-5.9	-6.7	-6.4	-5.1	-5.4	-5.7	-6.1	-6.3	-7.4	-5.8	-5.5	-5.8	-6.2	-5.6	-5.3	-5.1	-6.7	-5.0	-4.9	-6.7	-6.2	-6.3	-4.8	-3.9	-5.1	-5.4	-6.0	-6.8	-5.2	-3.3	-6.2	-6.0	-5.5	-5.8	-6.2	-5.6	-7.1	-7.4
5a7b_protein_Repair_118	-5.9	-5.0	-5.7	-5.7	-5.8	-5.9	-4.0	-6.5	-5.8	-5.8	-6.0	-6.1	-6.0	-6.5	-5.8	-3.4	-7.0	-6.7	-6.2	-5.1	-5.8	-5.0	-6.3	-6.1	-6.1	-6.5	-5.1	-5.8	-5.4	-5.5	-5.8	-5.6	-6.8	-6.0	-5.8	-6.6	-6.1	-6.1	-6.7	-6.6	-6.0	-6.5	-5.6	-5.8	-3.4	-6.3	-5.8	-5.4	-5.3	-6.5	-7.0	-5.5	-5.6	-5.8	-5.6	-5.5	-6.4	-7.1	-6.0	-6.5	-5.5	-5.9	-5.9	-6.3	-6.5	-6.1	-5.1	-3.5	-4.0	-5.7	-6.4	-5.7	-7.0	-6.3	-6.1	-6.1	-6.4	-6.7	-5.2	-5.4	-6.6	-6.1	-6.1	-6.8	-5.6	-5.9	-5.8	-6.4	-6.0	-5.3	-5.1	-7.0	-5.3	-5.3	-6.9	-6.2	-6.4	-5.0	-4.0	-5.1	-5.8	-5.5	-6.8	-5.3	-3.4	-6.7	-6.7	-5.6	-6.3	-6.1	-5.3	-7.3	-6.6
5a7b_protein_Repair_119	-6.0	-4.9	-5.3	-6.0	-5.8	-6.8	-4.1	-6.3	-5.8	-5.8	-5.9	-6.3	-6.9	-6.7	-5.8	-3.4	-6.5	-6.1	-6.1	-5.5	-6.2	-5.4	-6.6	-5.8	-6.2	-7.5	-5.2	-6.1	-5.8	-5.9	-6.0	-5.7	-6.2	-6.3	-6.3	-6.8	-6.2	-6.8	-6.1	-6.7	-5.9	-6.2	-6.0	-6.1	-3.4	-6.2	-6.1	-5.3	-5.2	-6.3	-7.2	-5.9	-5.5	-6.2	-5.6	-5.4	-6.5	-6.5	-6.3	-6.1	-5.3	-5.9	-6.0	-6.5	-6.6	-6.4	-5.7	-3.4	-3.9	-5.8	-6.5	-5.6	-7.5	-6.2	-6.3	-5.9	-6.6	-6.7	-4.9	-5.3	-6.1	-6.5	-6.2	-7.4	-6.1	-5.8	-5.7	-6.2	-5.9	-5.2	-5.1	-6.7	-5.4	-5.4	-6.8	-6.5	-6.4	-5.3	-3.9	-5.2	-5.5	-5.5	-6.7	-5.6	-3.4	-6.7	-6.8	-5.9	-6.2	-6.0	-5.4	-6.9	-6.9
5a7b_protein_Repair_12	-5.9	-4.8	-4.9	-6.1	-6.0	-7.2	-4.0	-6.5	-6.0	-5.9	-6.0	-6.3	-7.0	-6.8	-5.9	-3.4	-6.3	-6.2	-6.4	-5.3	-5.8	-5.4	-6.2	-6.0	-6.5	-6.6	-5.5	-6.0	-5.9	-5.7	-6.0	-5.8	-6.4	-6.3	-6.3	-6.6	-6.1	-6.8	-6.3	-6.5	-6.0	-6.4	-6.2	-6.2	-3.4	-6.3	-6.1	-5.6	-5.5	-6.8	-7.1	-6.1	-5.5	-6.4	-5.5	-5.6	-6.5	-6.5	-6.7	-6.7	-5.6	-6.0	-6.5	-6.8	-6.5	-6.5	-7.2	-3.4	-3.8	-5.9	-6.5	-5.8	-7.0	-5.9	-6.6	-6.3	-6.9	-6.4	-6.0	-5.3	-6.1	-6.8	-6.5	-7.5	-6.4	-6.2	-6.0	-6.4	-5.4	-5.4	-5.4	-6.6	-5.4	-5.8	-6.5	-6.4	-6.4	-5.2	-3.8	-5.6	-5.7	-5.8	-6.4	-5.6	-3.4	-6.8	-6.4	-6.2	-6.4	-6.3	-5.9	-7.0	-6.6
5a7b_protein_Repair_120	-5.8	-4.9	-4.8	-5.8	-6.1	-5.8	-3.9	-6.4	-5.4	-6.0	-5.5	-6.1	-6.2	-6.0	-6.2	-3.4	-6.6	-5.9	-6.2	-5.4	-5.7	-5.4	-6.1	-6.1	-6.5	-6.2	-5.4	-5.6	-5.6	-6.1	-5.7	-5.6	-6.1	-6.2	-6.1	-6.5	-5.9	-6.9	-6.5	-6.3	-6.1	-6.2	-6.3	-6.1	-3.4	-6.4	-5.6	-5.9	-5.4	-6.4	-6.9	-6.0	-5.3	-6.2	-6.0	-5.4	-6.6	-6.1	-6.2	-6.3	-5.5	-5.9	-6.1	-6.7	-6.5	-6.4	-6.1	-3.4	-4.3	-5.9	-6.4	-5.6	-7.3	-5.9	-6.1	-6.3	-6.5	-6.2	-5.6	-5.1	-6.4	-6.2	-6.2	-7.2	-6.4	-5.6	-6.2	-6.5	-5.4	-5.1	-5.1	-6.7	-5.2	-5.2	-6.4	-6.2	-6.5	-4.8	-4.3	-5.8	-5.5	-5.9	-6.4	-5.8	-3.4	-6.2	-7.1	-5.2	-6.1	-5.8	-5.9	-7.0	-6.8
5a7b_protein_Repair_121	-5.7	-4.9	-4.8	-6.1	-6.1	-6.1	-4.2	-7.0	-5.8	-6.4	-4.8	-6.3	-6.5	-6.8	-5.8	-3.4	-6.6	-6.1	-6.6	-6.2	-5.9	-5.4	-6.1	-7.1	-6.6	-6.6	-5.4	-5.8	-5.7	-6.1	-6.0	-5.7	-6.4	-6.9	-6.5	-6.7	-5.8	-6.4	-6.3	-8.2	-7.0	-6.0	-6.2	-5.9	-3.4	-6.2	-5.9	-5.7	-5.3	-6.7	-7.1	-6.3	-5.4	-6.0	-6.0	-5.4	-6.5	-6.6	-6.0	-6.5	-5.4	-6.8	-6.1	-6.4	-6.9	-6.3	-6.2	-3.4	-3.9	-6.1	-6.5	-5.5	-7.4	-5.9	-6.4	-5.8	-7.7	-7.1	-5.2	-5.5	-6.4	-6.1	-6.9	-7.2	-6.2	-5.9	-6.1	-6.2	-5.7	-5.4	-5.1	-6.8	-5.3	-5.3	-6.5	-6.2	-6.9	-5.4	-4.0	-5.7	-5.6	-5.6	-6.6	-6.0	-3.4	-6.6	-7.2	-5.7	-7.5	-5.9	-6.1	-7.2	-6.6
5a7b_protein_Repair_122	-5.8	-5.3	-5.4	-6.7	-6.1	-6.3	-3.8	-6.4	-5.9	-5.9	-6.0	-6.2	-6.8	-7.0	-5.9	-3.3	-6.4	-6.3	-6.3	-5.6	-5.6	-5.2	-6.2	-6.4	-7.2	-7.1	-5.7	-5.7	-5.9	-6.2	-6.2	-5.6	-6.4	-6.2	-6.1	-7.3	-6.0	-6.2	-6.7	-6.3	-6.1	-6.1	-6.1	-6.2	-3.3	-6.3	-5.8	-5.9	-5.5	-6.8	-7.1	-5.6	-5.6	-6.1	-5.8	-5.5	-6.2	-6.5	-6.4	-6.3	-5.5	-5.9	-6.5	-6.9	-6.3	-6.2	-7.1	-3.4	-3.9	-5.7	-6.4	-5.8	-7.5	-6.4	-6.4	-5.8	-6.7	-6.6	-5.9	-5.5	-6.2	-6.3	-6.2	-7.2	-6.4	-6.0	-6.3	-6.3	-6.0	-5.4	-5.1	-6.6	-5.3	-5.7	-6.7	-6.6	-6.4	-5.7	-3.9	-6.0	-5.6	-6.0	-6.4	-6.0	-3.3	-6.0	-7.0	-5.5	-6.1	-6.4	-6.0	-7.1	-7.9
5a7b_protein_Repair_123	-6.1	-5.0	-5.0	-6.4	-6.1	-7.2	-4.0	-7.0	-6.5	-6.3	-5.6	-6.4	-6.7	-7.5	-5.7	-3.4	-6.8	-6.8	-7.1	-5.4	-5.5	-5.7	-6.1	-6.4	-6.3	-7.1	-5.5	-5.8	-5.8	-5.9	-6.1	-5.8	-6.7	-6.1	-6.7	-6.6	-6.0	-6.9	-6.8	-6.5	-6.4	-6.6	-6.5	-6.0	-3.4	-6.2	-6.2	-5.9	-5.6	-7.1	-7.4	-6.3	-6.1	-6.2	-6.0	-6.0	-6.0	-6.5	-6.0	-6.9	-5.4	-5.9	-6.6	-6.7	-7.3	-6.6	-5.2	-3.4	-3.7	-5.8	-6.6	-5.7	-7.8	-6.3	-6.2	-6.3	-6.1	-6.3	-5.7	-5.4	-6.5	-6.3	-6.2	-7.5	-6.8	-6.1	-6.6	-6.4	-5.9	-5.6	-5.5	-6.5	-5.1	-5.6	-7.6	-6.7	-6.7	-5.4	-3.7	-5.7	-5.6	-5.9	-6.8	-5.8	-3.4	-6.8	-6.9	-5.7	-5.9	-6.6	-6.5	-7.4	-7.3
5a7b_protein_Repair_124	-	-	-	-6.3	-6.3	-7.1	-3.9	-7.1	-6.2	-5.7	-	-5.5	-7.4	-7.7	-5.7	-3.3	-	-6.9	-6.5	-4.3	-5.5	-5.4	-6.4	-6.1	-6.4	-7.8	-5.7	-6.4	-5.8	-5.9	-5.9	-5.5	-6.6	-6.2	-6.1	-	-	-6.9	-6.9	-6.5	-6.3	-6.0	-6.2	-6.0	-3.3	-7.0	-6.0	-5.8	-	-7.1	-6.9	-6.4	-5.4	-6.8	-5.9	-6.0	-6.1	-6.9	-6.1	-6.4	-5.4	-	-5.9	-6.2	-6.5	-6.3	-	-3.3	-3.8	-5.8	-6.2	-5.7	-7.7	-6.0	-4.6	-5.9	-6.7	-6.7	-5.6	-5.5	-5.9	-6.6	-	-	-6.3	-5.9	-6.0	-6.0	-5.7	-5.3	-5.7	-7.2	-5.5	-5.3	-	-7.2	-6.6	-	-3.8	-5.9	-5.6	-5.8	-7.0	-5.4	-3.3	-7.1	-6.6	-	-	-6.7	-	-7.4	-7.2
5a7b_protein_Repair_125	-5.7	-4.6	-5.3	-6.0	-6.7	-6.2	-4.1	-6.6	-6.2	-6.5	-5.0	-5.6	-7.0	-5.7	-6.3	-3.3	-7.0	-6.7	-6.6	-5.5	-5.8	-5.2	-6.5	-6.1	-6.6	-7.0	-5.6	-6.6	-5.6	-5.8	-6.3	-5.5	-6.6	-6.4	-6.4	-6.7	-6.2	-6.1	-6.4	-5.9	-6.1	-6.2	-6.2	-6.4	-3.3	-6.4	-6.3	-5.8	-5.7	-7.0	-6.3	-5.9	-5.3	-6.3	-5.7	-5.1	-5.8	-7.0	-6.2	-6.1	-5.5	-5.6	-6.0	-6.7	-6.8	-6.4	-6.5	-3.3	-3.9	-5.8	-6.1	-5.5	-7.8	-6.3	-6.5	-6.0	-6.2	-7.1	-4.8	-4.8	-6.3	-5.7	-6.1	-7.4	-6.3	-6.4	-6.3	-5.8	-5.4	-5.1	-4.8	-6.9	-6.0	-5.5	-6.7	-6.6	-6.3	-4.7	-3.9	-5.1	-5.8	-5.9	-6.7	-5.6	-3.3	-6.4	-5.9	-6.3	-6.0	-6.6	-5.2	-7.3	-7.2
5a7b_protein_Repair_126	-5.4	-5.0	-4.5	-5.6	-5.8	-5.6	-3.7	-6.6	-5.8	-5.7	-4.6	-5.7	-6.2	-7.2	-5.6	-3.5	-6.5	-6.5	-5.8	-5.4	-5.1	-4.6	-6.1	-5.9	-6.2	-6.4	-5.5	-5.8	-5.3	-5.6	-6.0	-5.4	-5.9	-5.9	-6.0	-5.9	-5.9	-5.7	-6.3	-5.8	-5.6	-6.0	-5.8	-5.5	-3.5	-6.1	-5.6	-5.8	-5.3	-6.3	-6.2	-6.0	-4.9	-6.2	-5.5	-5.1	-5.7	-6.6	-5.7	-5.6	-4.8	-5.8	-5.2	-6.6	-5.8	-6.4	-6.1	-3.4	-3.9	-5.6	-6.2	-5.2	-6.3	-5.9	-5.7	-5.6	-7.0	-6.8	-5.2	-5.3	-5.8	-5.2	-5.5	-6.8	-5.6	-5.5	-6.4	-6.2	-5.0	-4.8	-4.8	-6.3	-4.8	-4.9	-6.6	-6.0	-6.1	-4.2	-3.9	-5.2	-5.3	-5.5	-6.6	-5.2	-3.5	-6.0	-6.1	-5.3	-6.0	-6.1	-4.8	-6.7	-6.6
5a7b_protein_Repair_127	-6.0	-4.9	-5.6	-6.1	-5.9	-6.0	-3.8	-6.9	-6.3	-5.9	-5.5	-6.3	-7.1	-6.6	-6.1	-3.5	-7.4	-7.2	-6.3	-5.5	-5.8	-5.3	-5.9	-6.0	-6.9	-6.8	-5.7	-6.2	-5.8	-5.6	-5.9	-5.9	-7.1	-6.5	-6.3	-6.9	-6.1	-6.6	-6.4	-6.5	-6.5	-6.3	-6.3	-5.8	-3.4	-6.1	-5.9	-6.3	-5.6	-6.8	-6.8	-6.2	-5.4	-6.2	-5.7	-5.4	-5.9	-7.6	-6.5	-6.4	-5.7	-5.9	-6.0	-6.8	-6.3	-6.1	-5.1	-3.4	-3.8	-5.5	-6.6	-5.7	-6.8	-6.2	-6.3	-6.1	-6.7	-7.1	-5.5	-5.7	-6.0	-6.2	-6.0	-7.5	-6.2	-5.7	-6.4	-6.0	-5.8	-5.2	-5.4	-7.2	-5.4	-5.3	-7.1	-6.3	-6.6	-4.9	-3.8	-5.4	-5.8	-5.9	-7.1	-5.3	-3.4	-6.7	-6.3	-5.6	-6.0	-6.6	-5.2	-6.9	-7.5
5a7b_protein_Repair_128	-5.6	-5.0	-4.9	-5.9	-6.2	-7.1	-3.9	-7.1	-6.1	-6.1	-4.4	-6.0	-6.8	-7.1	-5.9	-3.5	-6.8	-6.6	-6.0	-5.4	-5.5	-5.1	-6.5	-6.3	-6.3	-6.5	-5.7	-6.3	-5.5	-5.8	-6.4	-5.5	-6.3	-6.5	-6.4	-6.2	-6.4	-6.4	-6.8	-6.6	-5.9	-6.2	-5.7	-6.4	-3.4	-6.3	-5.8	-5.5	-5.8	-6.6	-6.4	-5.9	-5.4	-5.7	-5.3	-5.2	-5.9	-6.8	-6.1	-6.1	-5.5	-6.1	-6.5	-6.6	-6.7	-6.1	-4.9	-3.5	-3.9	-5.4	-6.3	-5.4	-6.7	-5.7	-6.0	-6.6	-6.5	-7.2	-4.5	-5.7	-5.8	-5.7	-5.9	-7.4	-6.2	-5.7	-6.4	-6.5	-5.4	-5.2	-5.0	-6.9	-5.8	-5.3	-6.5	-6.7	-6.6	-5.2	-3.9	-5.3	-5.8	-5.9	-6.7	-5.3	-3.6	-6.4	-6.0	-5.6	-6.3	-6.0	-5.3	-7.1	-6.6
5a7b_protein_Repair_129	-5.4	-4.7	-4.6	-5.1	-5.9	-5.3	-3.7	-5.4	-5.4	-5.8	-4.6	-5.7	-6.2	-5.4	-5.5	-3.4	-6.8	-6.7	-5.6	-5.1	-5.3	-4.8	-5.8	-5.4	-6.0	-6.3	-5.4	-5.6	-5.1	-5.2	-5.7	-5.2	-6.0	-5.9	-5.9	-5.3	-5.8	-6.2	-5.8	-5.4	-5.9	-5.9	-5.8	-5.8	-3.3	-5.6	-5.6	-5.5	-5.2	-6.1	-5.9	-5.5	-4.8	-5.2	-5.2	-5.3	-5.9	-6.7	-5.8	-6.0	-5.1	-5.8	-6.0	-6.4	-6.5	-5.4	-4.2	-3.4	-3.8	-5.2	-5.9	-5.1	-6.2	-4.9	-5.7	-5.4	-5.8	-6.1	-4.5	-4.5	-5.6	-5.7	-5.6	-6.5	-5.8	-5.6	-6.1	-6.1	-5.0	-5.0	-4.8	-6.6	-4.9	-4.4	-6.0	-5.8	-6.0	-4.0	-3.8	-5.3	-5.3	-5.3	-6.5	-5.0	-3.4	-5.9	-5.7	-5.6	-5.6	-6.2	-4.9	-6.4	-6.4
5a7b_protein_Repair_13	-6.0	-5.2	-5.8	-6.3	-6.0	-6.0	-4.0	-6.2	-5.7	-6.5	-5.4	-5.7	-6.9	-6.4	-5.8	-3.3	-6.5	-6.6	-6.3	-5.4	-5.8	-5.5	-6.4	-6.0	-6.4	-6.5	-5.5	-5.9	-5.8	-5.9	-6.1	-5.6	-6.4	-6.3	-6.1	-6.9	-6.4	-6.8	-6.1	-6.7	-6.2	-6.3	-6.3	-6.4	-3.3	-6.6	-6.1	-5.8	-5.7	-6.8	-7.2	-6.3	-5.4	-6.3	-5.4	-5.5	-6.4	-6.5	-6.7	-6.7	-5.8	-5.9	-6.5	-7.0	-6.7	-6.4	-4.7	-3.3	-3.8	-5.9	-6.7	-6.0	-8.0	-6.1	-6.6	-6.0	-6.8	-6.8	-5.7	-5.4	-6.3	-6.8	-6.3	-7.4	-6.3	-6.0	-6.0	-6.2	-5.7	-5.3	-5.3	-6.7	-5.2	-5.6	-6.6	-6.7	-6.2	-5.7	-3.8	-6.0	-5.6	-6.1	-6.9	-5.8	-3.3	-6.5	-6.4	-6.2	-6.0	-6.4	-5.8	-7.0	-7.7
5a7b_protein_Repair_130	-5.8	-4.9	-5.5	-5.7	-5.6	-6.1	-3.8	-6.4	-5.7	-5.4	-4.2	-6.2	-6.2	-6.0	-5.4	-3.3	-6.5	-6.4	-6.4	-5.2	-5.8	-5.4	-6.2	-6.1	-6.2	-6.3	-5.3	-5.6	-5.6	-5.5	-6.0	-5.3	-6.2	-6.3	-5.9	-6.6	-6.0	-6.8	-6.9	-6.5	-5.9	-6.0	-6.1	-6.2	-3.3	-6.5	-5.6	-5.2	-5.4	-6.7	-6.7	-5.4	-5.1	-6.0	-5.4	-5.7	-6.1	-6.6	-6.0	-6.2	-5.3	-5.7	-6.2	-6.9	-6.4	-6.0	-4.9	-3.3	-4.0	-5.7	-6.6	-5.7	-7.5	-6.1	-6.1	-6.5	-6.5	-7.1	-5.2	-5.4	-6.3	-5.9	-6.0	-7.5	-6.1	-5.5	-5.9	-6.1	-5.2	-5.5	-5.2	-6.7	-5.2	-5.2	-6.7	-6.1	-6.3	-5.5	-4.0	-5.1	-5.5	-5.5	-6.7	-5.5	-3.3	-6.6	-6.5	-5.5	-6.0	-6.0	-5.4	-7.0	-6.9
5a7b_protein_Repair_131	-5.9	-4.8	-5.0	-5.6	-5.6	-6.2	-4.0	-6.3	-5.6	-5.8	-4.9	-5.8	-6.3	-6.9	-5.6	-3.3	-6.7	-6.5	-6.5	-5.1	-5.8	-5.3	-6.4	-6.1	-6.5	-6.4	-5.5	-5.8	-5.8	-5.7	-5.7	-5.5	-6.2	-5.9	-5.7	-7.0	-5.8	-7.0	-6.3	-6.4	-6.1	-6.1	-5.8	-6.4	-3.3	-6.2	-6.1	-5.4	-5.6	-6.8	-7.0	-6.6	-5.2	-6.1	-5.5	-5.3	-6.3	-6.7	-5.9	-6.4	-5.4	-5.9	-6.1	-6.6	-6.7	-6.0	-5.2	-3.3	-3.9	-5.8	-6.5	-5.5	-7.4	-6.5	-6.1	-6.5	-6.7	-6.9	-5.7	-5.2	-6.1	-6.1	-6.1	-7.3	-6.0	-6.2	-6.1	-6.3	-5.8	-5.2	-5.4	-6.8	-5.5	-5.3	-6.8	-5.9	-6.0	-5.2	-3.9	-5.4	-5.6	-5.6	-6.7	-5.7	-3.3	-6.8	-6.4	-5.8	-6.2	-6.0	-5.6	-7.1	-7.4
5a7b_protein_Repair_132	-6.0	-4.9	-5.1	-6.1	-5.6	-6.3	-4.0	-6.7	-5.6	-5.7	-5.3	-5.9	-7.0	-7.8	-5.6	-3.4	-7.1	-6.8	-6.7	-5.5	-5.9	-5.5	-6.2	-5.8	-6.4	-6.6	-5.2	-6.0	-5.8	-5.7	-5.9	-5.9	-6.8	-6.8	-6.1	-6.9	-5.9	-6.6	-7.0	-6.6	-6.7	-6.4	-6.2	-6.0	-3.4	-6.5	-6.1	-5.4	-5.2	-7.1	-7.1	-6.4	-5.8	-6.3	-5.8	-5.5	-6.1	-7.1	-6.1	-6.5	-5.7	-5.9	-6.1	-7.1	-6.4	-6.5	-6.9	-3.4	-4.0	-6.2	-7.0	-5.6	-7.0	-6.0	-6.3	-6.1	-6.7	-7.3	-5.4	-5.4	-5.9	-6.4	-6.3	-7.1	-6.5	-6.0	-5.9	-6.6	-5.7	-5.2	-5.3	-7.3	-5.7	-5.3	-7.1	-6.5	-6.6	-4.9	-4.0	-5.4	-5.7	-5.4	-6.9	-5.5	-3.4	-6.9	-6.4	-6.9	-6.1	-5.8	-5.4	-7.2	-7.5
5a7b_protein_Repair_133	-5.8	-4.7	-5.1	-5.8	-5.3	-5.9	-3.9	-6.4	-5.3	-5.7	-5.3	-5.8	-6.2	-6.0	-5.6	-3.4	-6.4	-6.1	-5.7	-5.2	-5.4	-5.3	-5.9	-5.6	-6.3	-6.4	-5.2	-5.7	-5.6	-5.9	-5.8	-5.5	-6.1	-6.2	-5.8	-6.7	-6.0	-5.9	-6.6	-6.5	-6.0	-6.4	-5.9	-5.6	-3.4	-6.5	-5.5	-5.5	-5.1	-6.5	-6.8	-5.9	-5.1	-6.3	-5.5	-4.9	-6.6	-6.2	-6.1	-6.5	-5.4	-5.7	-6.0	-6.8	-6.5	-6.3	-4.4	-3.4	-3.8	-5.5	-6.4	-5.6	-7.4	-5.7	-5.8	-5.8	-6.8	-6.5	-5.5	-5.4	-6.2	-6.1	-6.3	-7.3	-5.6	-5.5	-6.2	-6.0	-5.3	-5.0	-4.8	-6.7	-5.3	-4.9	-6.6	-6.4	-6.4	-4.6	-3.8	-5.5	-5.3	-5.3	-6.6	-4.9	-3.4	-5.9	-6.2	-5.6	-6.1	-5.9	-5.6	-6.8	-6.9
5a7b_protein_Repair_134	-5.9	-5.0	-4.9	-6.0	-5.7	-6.3	-4.0	-7.2	-6.0	-5.7	-5.8	-6.2	-6.8	-6.6	-5.6	-3.4	-6.4	-6.5	-6.6	-5.4	-5.6	-5.8	-6.1	-6.1	-6.5	-6.8	-5.3	-5.9	-6.2	-5.9	-5.8	-5.8	-6.5	-6.3	-6.3	-7.0	-6.4	-6.4	-6.4	-6.3	-6.2	-6.3	-6.5	-6.1	-3.4	-6.2	-5.7	-5.6	-5.8	-6.6	-7.2	-5.9	-5.8	-6.1	-6.0	-5.7	-6.1	-6.7	-6.2	-6.7	-5.6	-6.2	-6.7	-6.3	-6.9	-6.5	-6.0	-3.4	-3.9	-5.8	-6.5	-5.9	-7.8	-6.4	-6.4	-6.4	-6.8	-6.9	-5.5	-5.5	-6.3	-6.5	-6.2	-7.7	-6.6	-5.8	-6.6	-6.5	-6.0	-5.7	-5.6	-6.6	-5.6	-5.6	-6.3	-6.7	-6.6	-5.7	-3.9	-5.7	-5.7	-6.1	-6.5	-5.4	-3.4	-6.8	-6.3	-5.6	-6.0	-6.6	-5.7	-6.9	-7.0
5a7b_protein_Repair_135	-5.8	-5.0	-5.0	-6.2	-5.9	-6.3	-4.0	-6.4	-6.2	-5.8	-5.6	-6.0	-6.7	-6.6	-5.7	-3.4	-6.5	-6.2	-6.4	-5.2	-5.5	-5.5	-6.4	-6.4	-6.8	-6.4	-5.6	-5.8	-5.9	-5.7	-5.9	-5.6	-6.3	-6.5	-6.2	-7.0	-6.1	-6.7	-6.5	-6.5	-6.2	-6.2	-6.4	-6.4	-3.3	-6.6	-5.8	-5.4	-5.6	-6.5	-6.9	-6.3	-5.2	-6.2	-5.7	-5.8	-6.3	-6.4	-6.0	-6.7	-5.5	-6.1	-6.4	-6.8	-6.5	-6.5	-5.6	-3.3	-3.8	-5.9	-6.7	-5.7	-7.9	-6.1	-6.4	-6.6	-6.5	-6.1	-5.8	-5.2	-6.1	-6.4	-6.3	-7.5	-6.2	-5.8	-6.3	-6.2	-5.6	-5.3	-5.3	-6.6	-5.2	-5.3	-6.6	-6.2	-6.4	-5.6	-3.8	-5.6	-5.7	-5.8	-6.5	-5.4	-3.3	-6.4	-6.1	-5.5	-6.4	-5.8	-5.4	-7.1	-6.8
5a7b_protein_Repair_136	-6.1	-5.3	-	-5.6	-	-6.4	-4.0	-7.2	-5.7	-6.2	-5.9	-6.4	-7.1	-	-5.6	-3.3	-6.4	-	-6.1	-	-6.1	-5.4	-6.2	-6.2	-6.8	-6.9	-5.4	-6.2	-	-5.9	-6.3	-5.8	-6.9	-6.2	-6.6	-	0.0	-7.0	-6.5	-6.9	-6.4	-6.3	-5.9	-6.0	-3.4	-6.5	-6.1	-5.8	-5.6	-6.8	-7.0	-6.0	-5.3	-6.1	-5.7	-5.5	-6.4	-6.5	-6.4	-6.4	-5.3	-6.1	-6.6	-6.8	-6.6	-6.1	-	-3.3	-4.0	-5.7	-6.5	-5.9	-8.0	-6.1	-	-6.2	-5.9	-6.7	-5.9	-5.4	-	-6.5	-0.0	-7.2	-6.5	-6.0	-6.4	-6.4	-5.8	-5.2	-5.3	-6.7	-5.1	-5.6	-6.3	-6.4	-6.2	-5.3	-4.0	-5.6	-5.6	-6.0	-6.5	-5.6	-3.2	-6.5	-6.4	-6.0	-6.1	-6.5	-6.1	-7.1	-7.1
5a7b_protein_Repair_137	-5.9	-5.0	-5.2	-5.7	-6.0	-6.2	-4.1	-6.9	-5.9	-6.1	-5.5	-6.2	-6.4	-6.8	-5.5	-3.5	-6.2	-6.4	-6.3	-5.4	-5.6	-5.3	-6.0	-5.8	-6.5	-6.7	-5.2	-5.9	-5.8	-5.8	-5.6	-5.6	-6.5	-6.4	-6.3	-6.9	-5.8	-6.8	-6.1	-6.4	-6.1	-6.4	-5.9	-5.9	-3.5	-6.3	-5.8	-5.5	-5.5	-6.6	-6.6	-5.9	-5.6	-6.4	-5.8	-5.6	-6.0	-6.3	-6.3	-6.2	-5.4	-6.0	-6.4	-6.3	-7.2	-6.4	-5.3	-3.4	-4.0	-5.6	-6.8	-5.7	-8.0	-6.2	-6.4	-6.1	-6.7	-6.4	-5.3	-5.4	-6.1	-6.4	-6.2	-7.6	-6.1	-5.6	-6.5	-6.7	-5.4	-5.3	-5.3	-6.5	-5.4	-5.5	-6.3	-6.1	-5.5	-5.6	-4.0	-5.6	-5.7	-5.5	-6.5	-5.5	-3.4	-6.5	-6.3	-5.9	-6.1	-6.7	-5.5	-7.4	-7.0
5a7b_protein_Repair_138	-6.0	-4.5	-4.8	-6.4	-6.1	-7.3	-4.3	-6.6	-6.0	-5.4	-5.4	-6.6	-7.5	-6.6	-6.0	-3.3	-6.4	-6.3	-7.1	-5.5	-5.3	-5.2	-5.9	-5.7	-6.1	-7.2	-5.6	-6.3	-5.1	-5.5	-5.9	-5.6	-6.4	-6.0	-6.5	-6.4	-6.3	-6.3	-6.2	-6.3	-6.7	-5.9	-5.3	-5.8	-3.3	-6.4	-5.6	-5.9	-6.2	-6.8	-6.8	-5.4	-5.3	-5.8	-5.8	-5.1	-6.0	-6.6	-6.2	-6.2	-5.5	-6.4	-5.5	-6.7	-5.8	-5.8	-4.5	-3.3	-3.8	-6.0	-6.5	-5.5	-6.5	-6.0	-5.8	-5.9	-6.5	-6.0	-4.5	-5.4	-6.1	-5.8	-6.5	-7.6	-6.7	-6.1	-6.1	-6.3	-5.9	-5.5	-5.2	-6.4	-5.0	-4.6	-6.4	-6.4	-6.0	-4.8	-3.7	-5.0	-5.5	-6.1	-6.4	-5.1	-3.3	-6.5	-6.3	-6.1	-5.8	-6.4	-5.2	-7.0	-7.8
5a7b_protein_Repair_139	-6.0	-4.8	-5.1	-5.8	-5.9	-5.9	-3.9	-6.0	-5.3	-5.4	-4.3	-6.0	-6.1	-6.3	-5.6	-3.4	-6.5	-6.4	-6.4	-5.6	-5.7	-5.1	-6.2	-5.7	-6.4	-6.4	-5.0	-5.8	-5.7	-5.8	-5.7	-5.4	-6.2	-6.2	-5.8	-6.9	-6.1	-6.5	-6.4	-6.4	-6.1	-6.3	-5.9	-5.6	-3.5	-6.5	-5.6	-5.5	-5.5	-6.6	-6.6	-6.1	-5.4	-6.2	-5.8	-5.6	-6.2	-7.0	-6.0	-6.4	-5.4	-5.6	-5.8	-6.7	-6.7	-6.5	-3.9	-3.4	-3.9	-5.7	-6.6	-5.6	-7.9	-5.9	-6.0	-5.8	-6.6	-6.4	-4.8	-5.4	-5.7	-5.9	-6.1	-7.6	-5.7	-5.7	-6.2	-6.3	-5.1	-5.1	-5.0	-6.5	-5.1	-5.3	-6.3	-6.2	-6.4	-4.9	-3.9	-5.2	-5.5	-5.4	-6.5	-5.2	-3.5	-6.5	-6.1	-5.5	-5.9	-6.1	-5.7	-6.7	-7.0
5a7b_protein_Repair_14	-5.8	-4.9	-5.0	-5.8	-6.0	-6.3	-3.9	-6.3	-6.1	-5.8	-4.7	-6.0	-6.8	-6.5	-5.7	-3.3	-6.6	-6.3	-6.4	-5.1	-5.6	-5.3	-6.3	-6.1	-6.4	-6.3	-5.4	-5.8	-5.8	-5.7	-5.7	-5.5	-6.2	-6.5	-6.1	-	-6.0	-6.7	-6.6	-6.5	-6.1	-6.1	-5.9	-5.8	-3.3	-6.3	-5.8	-5.5	-5.5	-6.4	-6.9	-6.2	-5.4	-6.1	-5.8	-5.7	-6.2	-6.3	-5.9	-6.5	-5.4	-5.8	-5.7	-6.7	-6.5	-6.4	-4.3	-3.3	-3.7	-5.9	-6.7	-5.7	-7.7	-5.7	-6.3	-6.0	-6.5	-6.8	-5.3	-5.3	-5.8	-6.3	-6.3	-7.6	-6.3	-5.8	-6.2	-6.2	-5.7	-5.4	-5.3	-6.7	-5.2	-5.1	-6.6	-6.5	-6.2	-5.0	-3.7	-5.8	-5.6	-5.5	-6.5	-5.3	-3.3	-6.4	-6.3	-5.6	-6.1	-5.5	-5.3	-7.2	-6.8
5a7b_protein_Repair_140	-5.8	-5.0	-5.1	-5.4	-6.0	-6.3	-3.9	-6.1	-6.0	-5.9	-4.4	-6.0	-6.3	-6.4	-5.5	-3.5	-6.6	-6.5	-6.3	-5.1	-5.6	-5.6	-5.7	-5.6	-6.5	-6.6	-5.3	-5.7	-5.8	-5.8	-5.8	-5.5	-6.4	-6.3	-5.8	-6.6	-6.0	-6.3	-6.5	-6.5	-6.1	-6.3	-6.2	-5.9	-3.5	-6.3	-5.7	-5.4	-5.6	-6.3	-6.8	-6.1	-5.3	-6.2	-5.8	-5.6	-5.9	-6.9	-5.9	-6.4	-5.5	-5.5	-6.3	-6.5	-6.9	-6.4	-4.9	-3.3	-4.0	-5.8	-6.6	-5.5	-6.8	-6.2	-5.9	-5.7	-6.2	-7.0	-5.0	-5.5	-5.9	-6.0	-6.0	-7.3	-6.2	-5.6	-6.3	-6.4	-5.9	-5.5	-5.1	-6.5	-5.4	-5.1	-6.3	-6.3	-6.6	-4.9	-4.1	-5.4	-5.5	-6.0	-6.4	-5.3	-3.4	-6.4	-6.2	-5.6	-6.1	-6.4	-5.8	-7.1	-7.1
5a7b_protein_Repair_141	-6.3	-4.8	-5.1	-5.7	-5.7	-6.4	-4.0	-6.5	-5.5	-5.5	-5.9	-5.9	-6.3	-6.3	-5.4	-3.4	-6.2	-6.3	-6.2	-5.6	-5.6	-5.3	-6.4	-6.2	-6.5	-6.6	-5.7	-5.7	-5.8	-5.5	-5.8	-5.8	-6.4	-6.0	-5.8	-7.0	-5.8	-6.7	-6.0	-6.4	-6.0	-6.1	-5.9	-6.4	-3.4	-6.1	-5.7	-5.4	-5.4	-7.0	-6.3	-6.3	-5.2	-6.0	-5.8	-5.6	-5.9	-6.3	-6.0	-6.5	-5.2	-5.8	-6.3	-6.5	-6.5	-6.1	-5.9	-3.4	-4.0	-5.9	-6.7	-5.8	-7.5	-5.7	-6.3	-6.6	-6.6	-6.8	-5.5	-5.3	-6.0	-6.2	-6.0	-7.6	-6.3	-5.7	-5.8	-6.2	-5.5	-5.4	-5.3	-6.4	-5.2	-5.3	-6.3	-6.5	-5.9	-5.4	-4.1	-5.9	-5.6	-5.8	-6.5	-5.3	-3.4	-6.5	-6.0	-5.7	-6.2	-6.0	-5.4	-7.2	-7.0
5a7b_protein_Repair_142	-5.9	-4.8	-5.1	-5.6	-5.8	-6.2	-4.1	-6.9	-6.3	-6.1	-4.4	-6.0	-6.2	-6.1	-5.4	-3.4	-6.3	-6.7	-6.0	-5.5	-5.5	-5.5	-6.0	-5.7	-6.4	-6.6	-5.2	-5.6	-5.5	-5.8	-6.0	-5.6	-6.7	-6.4	-6.3	-6.9	-6.3	-6.9	-5.9	-6.7	-6.3	-6.2	-5.9	-6.0	-3.4	-6.1	-5.9	-5.4	-5.3	-6.7	-7.2	-6.1	-5.5	-6.3	-5.4	-5.6	-6.5	-6.5	-6.5	-6.4	-5.5	-6.1	-6.4	-6.1	-6.3	-6.5	-4.7	-3.4	-3.8	-5.9	-6.7	-5.7	-7.5	-6.0	-6.8	-6.2	-6.6	-5.8	-5.3	-5.7	-6.5	-6.5	-6.0	-7.5	-6.3	-5.5	-6.0	-6.4	-5.7	-5.2	-5.4	-6.6	-5.2	-5.3	-6.1	-5.6	-6.1	-5.8	-3.8	-5.3	-5.6	-5.5	-6.3	-5.3	-3.4	-6.4	-6.3	-6.4	-6.1	-6.4	-5.9	-6.8	-7.0
5a7b_protein_Repair_143	-5.9	-4.8	-4.7	-5.3	-5.4	-5.9	-3.8	-6.3	-5.6	-5.7	-5.8	-5.8	-6.3	-6.4	-5.3	-3.4	-6.7	-6.5	-6.3	-5.1	-5.6	-5.3	-5.8	-5.9	-6.5	-6.2	-5.0	-5.5	-5.6	-6.1	-5.6	-5.4	-6.4	-6.2	-5.6	-6.4	-5.8	-6.6	-6.4	-6.3	-5.9	-6.0	-6.1	-5.7	-3.4	-6.2	-5.4	-5.3	-5.8	-6.8	-6.0	-5.7	-5.4	-6.1	-5.4	-5.3	-6.2	-6.3	-6.0	-6.5	-5.6	-5.7	-6.2	-6.2	-6.6	-6.2	-4.6	-3.4	-3.9	-6.1	-6.3	-5.4	-7.1	-5.9	-6.5	-6.0	-6.6	-6.0	-5.2	-5.4	-5.7	-5.9	-6.2	-7.2	-6.0	-5.5	-6.2	-6.3	-5.9	-5.0	-5.1	-6.9	-5.3	-5.2	-6.4	-6.5	-6.3	-4.7	-3.9	-5.5	-5.6	-5.8	-6.7	-5.1	-3.4	-6.5	-6.6	-5.4	-6.0	-6.6	-5.6	-7.1	-6.8
5a7b_protein_Repair_144	-6.1	-4.7	-4.6	-5.5	-5.5	-5.9	-3.8	-6.1	-5.4	-5.4	-5.7	-6.2	-6.3	-5.7	-5.4	-3.4	-6.3	-6.1	-6.2	-5.3	-5.6	-5.3	-6.1	-6.2	-6.4	-6.2	-5.4	-5.5	-5.7	-5.6	-5.6	-5.4	-6.3	-6.3	-6.0	-7.0	-6.1	-6.8	-6.5	-6.4	-6.3	-6.1	-5.8	-6.0	-3.4	-6.4	-5.6	-5.4	-5.3	-6.8	-6.2	-6.1	-5.4	-6.1	-5.6	-5.6	-5.8	-6.2	-6.1	-6.3	-5.4	-5.7	-5.7	-6.5	-6.6	-6.2	-4.7	-3.4	-3.9	-5.7	-6.4	-5.6	-7.6	-6.2	-5.9	-6.4	-6.4	-6.9	-4.8	-4.9	-5.7	-5.9	-6.1	-7.4	-6.1	-5.7	-6.3	-6.4	-6.1	-5.3	-5.3	-6.4	-5.3	-5.1	-6.7	-6.1	-6.4	-5.1	-3.9	-5.6	-5.7	-5.6	-6.2	-5.2	-3.4	-6.2	-6.1	-5.5	-5.9	-6.0	-5.5	-7.1	-6.9
5a7b_protein_Repair_145	-5.9	-5.2	-5.3	-5.5	-5.8	-5.8	-3.8	-6.9	-5.9	-5.9	-5.0	-6.2	-6.3	-6.1	-5.6	-3.3	-6.3	-6.2	-6.2	-5.2	-6.0	-5.7	-5.8	-6.5	-6.4	-6.6	-5.3	-5.7	-5.8	-5.8	-5.9	-5.5	-6.4	-6.0	-5.8	-6.4	-6.2	-6.3	-6.8	-6.0	-6.1	-6.3	-6.0	-5.8	-3.4	-6.6	-5.7	-5.6	-5.5	-6.6	-6.4	-5.5	-5.4	-6.0	-5.8	-5.5	-6.0	-6.2	-6.1	-6.9	-5.4	-6.0	-6.5	-6.7	-6.8	-6.2	-4.0	-3.4	-3.9	-5.8	-6.5	-5.8	-8.0	-6.0	-6.2	-5.9	-6.6	-6.9	-5.7	-5.5	-6.0	-6.4	-6.0	-7.6	-6.4	-5.8	-6.5	-6.4	-6.0	-5.6	-5.6	-6.6	-5.7	-5.4	-6.5	-6.4	-6.6	-5.2	-3.9	-5.9	-5.6	-5.7	-6.2	-5.6	-3.4	-6.7	-6.2	-5.8	-5.9	-6.5	-5.9	-6.8	-6.6
5a7b_protein_Repair_146	-6.1	-4.9	-4.8	-5.8	-5.9	-6.1	-3.8	-6.4	-5.5	-5.7	-5.3	-6.2	-6.3	-6.8	-5.4	-3.3	-6.4	-6.4	-6.7	-5.1	-5.7	-5.3	-6.3	-6.6	-6.4	-6.4	-5.2	-5.7	-5.7	-5.7	-5.8	-5.6	-6.0	-6.3	-5.6	-6.6	-6.1	-6.1	-6.2	-6.3	-6.6	-6.5	-6.2	-6.4	-3.3	-6.3	-5.5	-5.7	-5.3	-6.7	-6.3	-5.6	-5.6	-5.9	-5.5	-5.6	-5.9	-6.3	-6.4	-6.4	-5.6	-5.9	-6.1	-6.5	-6.0	-6.0	-4.1	-3.3	-4.1	-5.5	-6.6	-5.8	-7.3	-6.0	-6.1	-6.6	-6.5	-6.9	-5.5	-5.6	-6.1	-5.8	-6.3	-7.5	-6.3	-5.6	-6.5	-5.9	-6.2	-5.1	-5.4	-6.6	-5.6	-5.0	-6.5	-6.4	-6.4	-4.6	-4.1	-6.0	-5.6	-5.6	-6.6	-5.4	-3.3	-6.3	-6.5	-5.3	-6.1	-6.2	-5.7	-7.0	-6.9
5a7b_protein_Repair_147	-6.0	-5.1	-5.1	-5.8	-6.0	-0.0	-3.9	-6.0	-6.1	-5.3	-4.4	-5.7	-6.3	-7.1	-5.5	-3.5	-6.5	-0.0	-6.4	-5.3	-5.8	-5.1	-6.2	-5.9	-6.3	-6.5	-5.6	-5.6	-5.6	-5.9	-6.0	-5.7	-6.5	-6.0	-5.7	-0.0	-5.5	-6.6	-6.1	-6.7	-5.5	-6.5	-6.0	-5.9	-3.5	-5.8	-5.7	-6.0	-5.5	-6.7	-6.1	-6.5	-5.7	-6.2	-5.7	-5.2	-6.1	-6.3	-5.9	-6.0	-5.9	-5.6	-5.6	-6.4	-7.3	-6.4	-4.4	-3.4	-4.1	-6.2	-6.4	-5.3	-6.9	-5.8	-6.1	-5.7	-6.9	-6.3	-5.2	-5.5	-5.9	-5.7	-5.8	-7.4	-6.2	-5.7	-5.8	-5.9	-5.4	-5.6	-5.2	-6.6	-5.5	-5.1	-6.8	-6.6	-6.3	-4.7	-4.1	-5.3	-5.8	-5.7	-6.4	-5.3	-3.5	-6.1	-6.2	-5.6	-6.0	-6.1	-5.8	-6.7	-6.6
5a7b_protein_Repair_148	-5.7	-5.1	-4.8	-5.5	-6.4	-6.3	-3.9	-6.9	-5.7	-5.9	-5.9	-6.1	-6.2	-5.9	-5.4	-3.4	-6.4	-6.2	-6.3	-5.1	-5.6	-5.4	-6.2	-6.4	-6.8	-6.7	-5.6	-5.6	-5.9	-6.0	-5.9	-5.5	-6.7	-6.3	-6.2	-6.6	-6.2	-6.8	-6.8	-6.3	-6.4	-6.2	-5.6	-6.3	-3.4	-6.4	-5.5	-5.8	-5.3	-6.6	-6.5	-6.1	-5.2	-6.2	-6.1	-5.5	-6.3	-6.7	-6.3	-6.3	-5.7	-5.6	-6.4	-6.6	-6.4	-6.3	-5.6	-3.4	-3.5	-5.7	-6.7	-5.9	-7.3	-6.0	-5.9	-6.4	-6.1	-6.9	-5.4	-6.0	-6.2	-6.1	-6.4	-7.5	-6.0	-5.8	-6.6	-6.1	-5.7	-5.6	-5.4	-6.5	-5.1	-5.3	-6.4	-6.2	-6.4	-5.3	-3.5	-5.9	-5.7	-5.6	-6.4	-5.8	-3.3	-6.3	-6.7	-5.8	-6.1	-6.2	-6.0	-7.3	-7.0
5a7b_protein_Repair_149	-5.9	-4.9	-5.0	-6.0	-5.8	-5.9	-3.9	-6.2	-5.7	-5.8	-5.9	-6.0	-6.4	-6.4	-5.5	-3.3	-6.4	-6.4	-7.0	-5.4	-5.6	-5.2	-5.6	-5.7	-6.2	-7.0	-5.5	-5.8	-5.9	-5.7	-5.9	-5.7	-6.1	-6.3	-6.0	-6.6	-5.8	-6.6	-6.3	-6.5	-6.1	-6.2	-5.8	-5.6	-3.3	-6.3	-5.6	-5.8	-5.4	-6.3	-6.5	-5.6	-5.5	-6.3	-5.3	-5.3	-6.4	-6.2	-6.1	-6.0	-5.9	-5.8	-6.0	-6.7	-6.5	-6.4	-7.0	-3.3	-4.1	-5.7	-6.4	-5.5	-7.8	-6.3	-6.5	-5.8	-6.4	-7.1	-5.4	-5.3	-5.9	-6.2	-6.0	-7.4	-6.2	-5.5	-6.2	-6.1	-5.8	-5.4	-5.1	-6.4	-5.3	-5.1	-6.5	-6.6	-6.4	-5.4	-4.1	-5.8	-5.4	-5.8	-6.3	-5.2	-3.3	-6.6	-6.8	-5.7	-5.8	-6.1	-5.8	-6.7	-7.0
5a7b_protein_Repair_15	-6.0	-4.8	-5.3	-6.0	-5.7	-6.2	-4.1	-6.7	-6.1	-6.2	-5.0	-6.3	-6.3	-6.2	-5.8	-3.4	-6.3	-6.3	-6.1	-5.4	-6.0	-5.4	-6.4	-5.9	-6.7	-6.6	-5.7	-6.1	-5.9	-5.9	-6.3	-5.7	-6.2	-6.4	-6.1	-7.0	-6.0	-6.9	-6.5	-6.9	-6.2	-6.1	-6.1	-6.4	-3.5	-6.4	-5.8	-6.3	-5.6	-6.6	-7.1	-5.7	-5.5	-6.2	-6.0	-5.6	-6.2	-6.7	-5.8	-6.6	-5.6	-6.0	-6.4	-6.7	-6.6	-6.4	-7.3	-3.4	-4.0	-6.2	-6.8	-5.9	-7.4	-6.2	-6.6	-6.5	-6.2	-6.2	-5.7	-5.5	-6.1	-6.7	-6.5	-7.5	-6.4	-5.6	-6.2	-6.6	-5.6	-5.6	-5.4	-6.6	-5.4	-5.9	-6.7	-6.2	-6.0	-5.6	-4.0	-5.9	-5.7	-6.0	-6.7	-5.4	-3.5	-6.1	-6.7	-6.1	-6.6	-6.8	-5.9	-7.0	-6.8
5a7b_protein_Repair_150	-6.1	-5.0	-5.1	-5.8	-5.9	-6.3	-3.9	-6.6	-5.8	-5.8	-5.0	-5.9	-6.4	-7.0	-5.6	-3.3	-6.3	-6.2	-6.3	-5.4	-5.8	-5.4	-6.4	-6.0	-6.3	-6.5	-5.4	-5.6	-5.9	-6.0	-5.7	-5.6	-6.1	-6.3	-6.1	-6.5	-6.0	-6.1	-6.4	-6.2	-6.2	-6.0	-6.5	-5.8	-3.3	-6.6	-5.6	-5.6	-5.9	-6.4	-6.3	-5.7	-5.5	-6.2	-5.6	-5.4	-6.0	-6.3	-6.3	-6.2	-5.1	-5.7	-6.3	-6.7	-6.7	-6.0	-4.0	-3.3	-4.0	-5.7	-6.2	-5.7	-7.8	-6.5	-6.1	-6.3	-6.3	-6.8	-5.1	-5.4	-6.1	-5.7	-6.1	-7.5	-6.4	-5.6	-6.4	-6.1	-5.9	-5.2	-5.3	-6.4	-5.4	-5.5	-6.7	-5.9	-6.5	-5.1	-4.0	-5.4	-5.5	-5.6	-6.4	-5.2	-3.3	-6.4	-6.4	-5.5	-6.1	-6.9	-5.4	-7.0	-7.3
5a7b_protein_Repair_151	-5.6	-4.9	-5.1	-5.7	-5.8	-6.5	-3.8	-6.6	-6.5	-5.6	-4.9	-5.8	-6.2	-6.3	-5.6	-3.4	-6.2	-6.3	-6.5	-5.7	-5.4	-5.3	-6.0	-5.4	-7.0	-7.2	-5.4	-5.9	-5.8	-5.7	-5.8	-5.9	-6.1	-6.1	-5.7	-6.5	-6.0	-6.0	-6.2	-6.2	-6.1	-6.0	-6.2	-6.0	-3.4	-6.2	-6.2	-5.8	-5.4	-6.8	-6.6	-6.1	-5.4	-6.0	-5.4	-5.7	-6.3	-6.2	-6.5	-6.5	-5.6	-6.0	-6.4	-7.0	-6.5	-6.2	-5.7	-3.4	-3.8	-6.0	-6.3	-5.6	-7.0	-6.0	-5.9	-6.1	-6.6	-6.6	-5.5	-5.4	-6.1	-6.5	-6.4	-7.3	-6.3	-6.2	-6.4	-6.4	-5.7	-5.2	-5.3	-6.3	-5.3	-5.2	-6.6	-6.5	-6.5	-5.5	-3.8	-5.5	-5.4	-5.8	-6.2	-5.6	-3.4	-7.2	-6.3	-5.6	-6.1	-5.8	-5.5	-7.0	-7.0
5a7b_protein_Repair_152	-5.8	-4.9	-5.4	-5.9	-5.7	-6.3	-4.0	-6.3	-5.6	-5.8	-5.7	-6.1	-6.5	-7.6	-5.6	-3.4	-7.1	-6.9	-6.0	-5.3	-5.8	-5.3	-5.8	-6.0	-6.4	-6.5	-5.2	-5.8	-5.6	-5.9	-6.1	-5.8	-7.0	-6.5	-6.1	-6.9	-6.4	-6.9	-6.7	-7.3	-5.7	-6.1	-6.2	-5.6	-3.4	-6.3	-5.7	-5.7	-5.3	-6.5	-6.2	-6.1	-5.4	-6.1	-5.9	-5.3	-6.3	-7.2	-6.1	-6.0	-5.6	-5.9	-6.3	-6.8	-6.6	-6.4	-6.6	-3.4	-3.9	-6.1	-6.8	-5.6	-7.0	-6.0	-6.6	-5.8	-6.1	-7.0	-5.3	-5.3	-6.0	-6.1	-6.1	-7.2	-6.3	-5.6	-6.2	-6.5	-5.5	-4.9	-5.1	-7.1	-5.7	-5.2	-6.8	-6.6	-6.6	-4.8	-3.9	-5.3	-5.8	-5.6	-6.9	-5.2	-3.4	-6.3	-6.3	-5.5	-6.5	-6.3	-5.6	-7.1	-7.3
5a7b_protein_Repair_153	-5.5	-4.9	-5.2	-5.5	-5.6	-5.7	-4.1	-6.6	-5.9	-5.5	-5.3	-5.8	-6.1	-6.7	-6.0	-3.3	-6.3	-6.3	-6.3	-5.3	-5.7	-5.1	-6.3	-5.4	-6.2	-6.4	-5.5	-5.9	-5.8	-5.6	-5.8	-5.3	-6.5	-6.0	-5.8	-6.9	-5.6	-5.8	-6.0	-6.3	-6.1	-6.5	-6.3	-6.3	-3.4	-6.4	-6.1	-5.8	-5.3	-6.2	-7.1	-5.3	-5.1	-6.5	-5.5	-5.5	-6.3	-6.5	-5.9	-6.4	-5.1	-5.7	-5.7	-6.1	-6.8	-6.7	-4.3	-3.3	-3.9	-5.6	-6.4	-5.7	-7.6	-5.9	-6.0	-6.4	-6.7	-6.3	-5.2	-5.2	-5.9	-6.6	-6.5	-7.6	-6.2	-5.8	-6.0	-6.2	-5.9	-5.1	-5.1	-6.6	-5.1	-5.4	-6.1	-6.4	-6.3	-4.6	-3.9	-5.4	-5.6	-5.4	-6.4	-5.4	-3.4	-6.4	-6.4	-5.5	-5.8	-6.0	-5.4	-7.0	-7.2
5a7b_protein_Repair_154	-5.7	-4.7	-4.8	-6.0	-5.3	-5.7	-3.9	-6.0	-5.5	-5.7	-5.9	-5.7	-6.0	-6.7	-5.3	-3.4	-6.4	-6.0	-5.8	-5.1	-5.4	-5.3	-5.9	-5.7	-6.3	-6.5	-5.3	-5.4	-5.7	-5.7	-5.8	-5.6	-6.3	-6.3	-5.6	-6.4	-5.9	-6.5	-6.4	-6.5	-5.8	-6.2	-5.9	-5.8	-3.4	-6.3	-5.5	-5.7	-5.2	-6.4	-6.0	-5.9	-5.3	-6.1	-5.3	-5.1	-6.3	-6.4	-5.8	-6.1	-5.3	-5.9	-6.1	-6.4	-6.7	-6.5	-5.3	-3.4	-3.8	-5.6	-6.4	-5.6	-7.4	-5.6	-5.9	-6.1	-6.5	-6.6	-4.6	-5.3	-5.8	-6.0	-6.0	-7.4	-5.9	-5.5	-6.4	-6.2	-5.2	-5.1	-5.2	-6.6	-4.7	-4.9	-6.2	-6.2	-6.2	-5.3	-3.9	-5.3	-5.4	-5.4	-6.3	-5.1	-3.4	-6.2	-6.0	-5.4	-6.0	-6.2	-5.4	-6.9	-6.9
5a7b_protein_Repair_155	-5.8	-4.9	-5.2	-5.8	-6.0	-6.3	-3.9	-6.3	-5.7	-6.0	-5.2	-6.2	-6.3	-6.5	-5.7	-3.3	-6.7	-6.4	-6.5	-5.4	-5.8	-5.4	-5.9	-5.9	-6.5	-6.5	-5.3	-5.8	-5.7	-6.0	-5.8	-6.0	-6.4	-6.2	-5.9	-6.5	-6.0	-6.5	-6.2	-6.3	-5.9	-6.4	-6.0	-5.8	-3.3	-6.3	-5.9	-5.4	-5.5	-6.9	-6.5	-5.6	-5.5	-6.4	-5.9	-5.8	-6.2	-6.4	-6.3	-6.5	-5.6	-5.7	-6.3	-6.3	-7.0	-6.5	-5.2	-3.3	-3.8	-6.2	-6.6	-5.5	-7.6	-5.9	-6.5	-6.2	-6.7	-6.0	-4.9	-5.3	-6.1	-6.6	-6.2	-7.5	-6.2	-5.5	-6.1	-6.5	-5.6	-5.3	-5.4	-6.7	-5.3	-5.4	-6.4	-6.3	-6.4	-4.9	-3.8	-5.3	-5.7	-5.5	-6.5	-5.4	-3.3	-6.4	-6.0	-5.4	-6.0	-6.4	-6.0	-6.8	-7.0
5a7b_protein_Repair_156	-5.9	-5.2	-4.8	-5.8	-6.1	-6.0	-4.1	-6.4	-6.1	-6.1	-5.8	-6.2	-6.4	-6.9	-5.9	-3.6	-6.6	-6.4	-6.5	-5.6	-6.0	-5.3	-6.0	-6.2	-6.4	-6.5	-5.5	-6.2	-5.6	-5.9	-6.6	-5.7	-6.2	-6.3	-6.4	-6.9	-5.9	-6.8	-6.7	-7.1	-6.4	-6.1	-6.1	-6.0	-3.5	-6.4	-6.1	-5.6	-5.5	-6.6	-7.1	-6.1	-5.4	-6.1	-5.9	-5.2	-6.4	-6.7	-6.3	-6.7	-5.4	-6.1	-6.2	-6.6	-6.8	-6.3	-7.6	-3.5	-3.9	-6.3	-6.8	-5.6	-7.6	-5.8	-6.3	-6.5	-6.8	-6.5	-5.7	-5.6	-6.4	-6.5	-6.3	-7.3	-6.0	-5.9	-6.3	-6.3	-5.9	-5.4	-5.3	-6.8	-5.5	-5.7	-6.6	-6.3	-6.4	-5.8	-3.9	-5.7	-5.6	-5.5	-6.8	-5.8	-3.5	-6.9	-6.7	-6.0	-6.4	-6.6	-6.2	-7.3	-6.7
5a7b_protein_Repair_157	-6.2	-5.1	-5.6	-5.8	-6.0	-6.0	-3.9	-6.4	-6.1	-5.7	-5.9	-6.1	-7.3	-6.8	-5.5	-3.4	-6.5	-6.1	-6.3	-6.2	-5.5	-5.3	-6.0	-6.3	-6.5	-6.3	-5.5	-5.7	-5.9	-6.1	-5.8	-5.4	-6.1	-6.3	-6.0	-6.9	-6.0	-6.7	-6.3	-6.5	-6.9	-6.3	-6.4	-5.9	-3.4	-6.3	-5.5	-5.9	-5.9	-6.5	-6.9	-5.8	-5.6	-6.4	-5.8	-5.2	-6.6	-6.2	-6.0	-6.5	-5.6	-5.8	-6.5	-6.8	-6.6	-6.5	-7.0	-3.4	-4.1	-6.1	-6.7	-5.5	-7.4	-6.3	-6.3	-5.8	-6.7	-6.7	-5.5	-5.2	-6.2	-6.2	-6.1	-7.4	-6.1	-5.6	-6.0	-6.4	-5.7	-5.3	-5.2	-6.8	-5.2	-5.2	-6.7	-6.8	-6.4	-6.3	-4.1	-5.7	-5.6	-5.7	-6.5	-5.4	-3.4	-6.2	-6.1	-6.7	-6.2	-6.0	-5.8	-6.8	-7.0
5a7b_protein_Repair_158	-6.1	-5.1	-4.9	-5.6	-6.2	-6.6	-3.8	-6.4	-5.6	-5.6	-5.4	-6.0	-6.5	-6.6	-5.4	-3.3	-6.5	-6.1	-6.6	-5.6	-5.6	-5.4	-5.8	-6.3	-6.5	-6.1	-5.5	-5.6	-5.9	-5.6	-5.6	-5.6	-6.5	-6.3	-6.1	-6.9	-6.4	-6.7	-6.5	-6.0	-6.2	-6.0	-5.7	-5.7	-3.3	-6.3	-5.8	-5.6	-5.6	-6.7	-6.3	-6.4	-5.5	-6.0	-5.7	-5.6	-5.6	-6.4	-6.2	-6.4	-5.5	-5.6	-6.4	-6.4	-6.6	-6.3	-7.0	-3.3	-4.0	-5.7	-6.4	-5.7	-6.9	-6.1	-6.2	-6.3	-6.7	-7.0	-5.3	-5.2	-6.3	-6.0	-6.1	-7.5	-6.3	-5.7	-6.0	-6.3	-5.9	-5.3	-5.2	-6.7	-5.3	-4.8	-6.5	-6.6	-6.7	-4.8	-4.0	-5.9	-5.6	-5.5	-6.4	-5.5	-3.3	-6.3	-6.4	-5.8	-5.9	-6.3	-5.3	-7.1	-6.5
5a7b_protein_Repair_159	-5.9	-5.2	-5.0	-6.2	-6.0	-6.3	-4.0	-6.5	-6.0	-6.1	-5.9	-6.2	-6.3	-6.7	-5.9	-3.4	-6.6	-6.3	-6.4	-5.3	-5.8	-5.2	-6.0	-6.3	-6.4	-6.3	-5.5	-6.0	-5.9	-6.1	-5.8	-5.6	-6.4	-6.4	-6.1	-7.0	-5.9	-6.7	-6.4	-6.8	-6.3	-6.3	-6.2	-6.0	-3.4	-6.2	-5.9	-5.7	-5.5	-6.4	-7.1	-5.8	-5.4	-6.3	-6.0	-5.3	-6.4	-6.4	-6.0	-6.6	-5.5	-6.1	-6.2	-6.8	-6.8	-6.4	-6.1	-3.4	-3.7	-6.3	-6.7	-5.7	-6.5	-6.2	-6.0	-6.4	-6.5	-6.5	-5.8	-5.3	-6.4	-6.5	-6.2	-7.5	-6.3	-5.6	-5.8	-6.2	-5.6	-5.2	-5.3	-6.9	-5.5	-5.6	-6.5	-6.3	-6.3	-4.9	-3.7	-5.4	-5.7	-6.0	-6.7	-5.8	-3.4	-6.4	-6.5	-5.5	-5.9	-5.8	-6.1	-7.0	-7.1
5a7b_protein_Repair_16	-6.1	-4.9	-4.9	-5.8	-5.6	-6.2	-4.0	-6.3	-5.6	-5.9	-6.1	-5.8	-6.4	-6.5	-5.8	-3.3	-6.2	-6.2	-6.1	-5.4	-5.6	-5.2	-6.1	-5.6	-6.4	-6.5	-5.4	-6.0	-5.9	-5.7	-5.9	-5.4	-6.2	-6.0	-6.1	-6.9	-5.8	-6.6	-6.0	-6.4	-6.0	-6.4	-6.0	-6.1	-3.3	-6.4	-5.9	-5.3	-5.4	-6.5	-7.3	-5.6	-5.2	-6.3	-5.6	-5.5	-6.3	-6.6	-5.8	-6.6	-5.3	-5.9	-6.2	-6.4	-6.4	-6.4	-4.9	-3.3	-3.9	-5.9	-6.6	-5.8	-7.6	-5.7	-6.3	-6.2	-6.7	-6.3	-5.5	-5.5	-6.2	-6.9	-6.3	-7.6	-6.3	-5.8	-6.3	-6.1	-5.5	-5.2	-5.3	-6.5	-5.2	-5.6	-6.3	-6.2	-6.4	-5.1	-3.9	-5.4	-5.6	-6.0	-6.5	-5.3	-3.3	-6.3	-6.3	-5.7	-6.2	-6.3	-5.6	-6.9	-7.3
5a7b_protein_Repair_17	-5.7	-4.8	-4.9	-5.4	-5.7	-5.8	-3.9	-6.3	-5.8	-5.3	-6.2	-5.4	-6.1	-6.3	-5.6	-3.3	-6.1	-6.1	-6.1	-5.1	-5.6	-5.1	-5.6	-5.4	-6.0	-6.4	-5.0	-5.4	-5.4	-5.2	-5.6	-5.4	-6.5	-5.9	-5.8	-5.7	-5.8	-6.1	-6.1	-6.3	-6.1	-6.4	-6.0	-5.6	-3.4	-6.1	-5.4	-5.6	-5.0	-6.4	-6.2	-5.8	-5.1	-6.2	-5.6	-5.1	-6.6	-6.5	-5.6	-6.5	-4.7	-5.9	-5.5	-6.2	-6.8	-6.2	-4.1	-3.3	-3.9	-5.5	-6.3	-5.3	-6.3	-5.6	-5.8	-5.8	-6.6	-6.1	-4.9	-4.7	-5.8	-6.0	-6.2	-7.2	-5.4	-5.5	-6.5	-6.0	-5.3	-5.0	-4.8	-6.4	-4.9	-4.7	-5.9	-6.1	-5.5	-4.6	-4.0	-5.4	-5.4	-5.3	-6.1	-5.0	-3.4	-6.4	-6.0	-5.4	-5.7	-6.3	-5.2	-6.9	-6.7
5a7b_protein_Repair_18	-5.9	-4.8	-	-6.0	-5.2	-6.1	-3.8	-6.6	-5.6	-5.5	-4.4	-5.8	-6.2	-6.5	-5.5	-3.3	-6.3	-6.2	-6.3	-5.2	-5.5	-5.4	-6.1	-5.9	-6.2	-6.4	-5.2	-5.4	-5.6	-5.6	-6.0	-5.2	-6.5	-6.1	-5.8	-6.8	-5.5	-6.4	-5.9	-6.4	-6.0	-6.1	-5.7	-6.1	-3.4	-6.4	-5.7	-5.4	-5.1	-6.6	-6.7	-5.9	-5.1	-6.1	-5.6	-5.2	-6.0	-6.4	-5.9	-6.5	-5.2	-5.4	-5.9	-6.4	-6.5	-5.9	-4.3	-3.4	-4.0	-5.6	-6.3	-5.5	-7.5	-5.9	-5.8	-6.2	-6.4	-6.6	-4.8	-5.0	-5.6	-6.0	-6.1	-7.6	-5.7	-5.7	-6.0	-6.3	-5.3	-5.1	-4.9	-6.4	-4.9	-5.2	-6.2	-6.2	-6.4	-5.4	-4.0	-5.4	-5.5	-5.4	-6.3	-5.1	-3.5	-6.2	-6.1	-5.4	-5.8	-6.1	-5.7	-7.0	-6.8
5a7b_protein_Repair_19	-5.6	-4.7	-4.7	-5.8	-5.4	-5.9	-4.1	-5.9	-5.7	-5.6	-4.6	-5.5	-5.9	-6.6	-5.6	-3.4	-6.6	-6.4	-6.0	-5.0	-5.4	-5.0	-6.1	-5.8	-5.9	-5.9	-5.3	-5.5	-5.3	-4.9	-5.5	-5.8	-6.6	-6.0	-5.7	-6.4	-5.6	-6.2	-5.7	-6.2	-6.0	-5.7	-5.5	-6.0	-3.4	-6.2	-5.6	-5.5	-5.2	-6.5	-6.2	-5.2	-5.1	-5.4	-5.2	-5.1	-6.2	-6.8	-6.1	-6.3	-4.9	-5.3	-5.6	-5.8	-6.0	-5.7	-4.0	-3.4	-4.0	-5.4	-6.2	-5.3	-6.5	-5.5	-5.8	-5.5	-5.8	-5.6	-4.7	-5.1	-5.9	-5.7	-5.8	-7.0	-6.0	-5.6	-5.7	-6.2	-5.3	-5.1	-5.0	-6.4	-4.7	-4.8	-6.0	-5.3	-5.2	-4.5	-4.0	-5.2	-5.4	-5.2	-6.5	-5.5	-3.4	-6.3	-5.8	-5.8	-5.5	-5.4	-5.4	-6.4	-6.9
5a7b_protein_Repair_2	-5.9	-5.2	-5.2	-6.5	-5.4	-6.0	-3.8	-6.3	-5.6	-5.6	-5.2	-5.8	-6.6	-6.2	-5.2	-3.5	-6.7	-6.3	-6.5	-5.2	-5.7	-5.3	-6.1	-6.2	-6.3	-6.2	-5.2	-5.6	-5.8	-5.9	-5.6	-5.5	-6.1	-6.0	-5.6	-6.3	-5.9	-6.4	-6.3	-6.1	-6.2	-6.1	-6.2	-5.9	-3.5	-6.4	-5.5	-5.2	-5.3	-6.7	-6.3	-5.6	-5.6	-6.1	-5.6	-5.7	-5.9	-6.3	-6.2	-6.4	-5.5	-5.8	-6.2	-6.5	-6.6	-6.4	-4.8	-3.4	-3.8	-6.0	-6.5	-5.4	-7.5	-5.6	-6.5	-6.0	-6.3	-6.8	-5.3	-5.0	-5.8	-6.0	-6.0	-7.4	-6.4	-5.6	-5.4	-6.4	-6.0	-5.2	-5.2	-6.8	-5.5	-5.2	-6.4	-6.5	-6.4	-4.8	-3.9	-5.7	-5.6	-5.7	-6.5	-5.5	-3.5	-6.6	-6.3	-5.2	-5.9	-6.3	-5.4	-6.9	-6.9
5a7b_protein_Repair_20	-5.8	-4.9	-4.8	-5.5	-5.3	-5.7	-3.9	-6.0	-5.2	-5.3	-4.9	-5.7	-6.1	-5.5	-5.6	-3.4	-6.4	-6.3	-5.6	-4.8	-5.5	-5.2	-6.1	-6.1	-6.2	-6.5	-5.1	-5.6	-5.2	-5.4	-5.7	-5.6	-6.6	-5.9	-5.5	-6.6	-6.1	-6.0	-6.1	-6.1	-6.2	-5.7	-5.5	-6.0	-3.4	-6.0	-5.6	-5.5	-5.2	-6.5	-5.7	-5.6	-5.1	-5.7	-5.3	-5.1	-6.6	-6.6	-5.7	-6.3	-4.9	-5.8	-5.4	-6.5	-6.2	-6.0	-4.2	-3.4	-3.9	-5.6	-5.9	-5.3	-6.5	-5.4	-5.8	-5.7	-6.4	-5.7	-4.9	-5.6	-5.9	-5.8	-5.9	-7.2	-5.6	-5.7	-6.4	-5.9	-5.2	-4.9	-4.8	-6.3	-5.0	-4.9	-6.2	-5.8	-5.2	-4.8	-3.9	-5.3	-5.3	-5.5	-6.4	-5.0	-3.4	-6.3	-6.1	-5.3	-5.6	-6.1	-5.1	-7.0	-7.1
5a7b_protein_Repair_21	-5.8	-5.3	-5.1	-6.7	-6.1	-7.0	-3.9	-6.6	-6.6	-5.9	-5.0	-5.9	-6.5	-6.4	-5.8	-3.3	-6.7	-6.6	-6.3	-6.1	-5.6	-5.4	-6.0	-6.8	-7.2	-6.8	-5.6	-5.9	-5.6	-6.1	-6.6	-5.5	-6.4	-6.9	-7.0	-7.0	-6.1	-7.0	-7.2	-6.4	-6.9	-6.0	-6.3	-6.0	-3.3	-6.3	-5.9	-5.9	-5.5	-6.5	-7.0	-6.5	-5.4	-6.0	-5.8	-5.4	-6.4	-6.8	-6.1	-6.6	-5.5	-7.0	-6.4	-6.8	-6.6	-6.1	-7.5	-3.3	-3.8	-6.2	-6.5	-5.6	-7.6	-6.4	-6.4	-5.8	-6.4	-6.5	-5.7	-5.5	-6.6	-6.3	-6.7	-7.3	-6.3	-5.6	-6.7	-6.2	-5.8	-5.1	-5.3	-6.9	-5.2	-5.5	-6.7	-6.7	-6.0	-4.9	-3.8	-5.8	-5.6	-5.8	-6.7	-5.9	-3.3	-6.2	-7.1	-6.6	-5.9	-6.1	-5.9	-7.3	-6.7
5a7b_protein_Repair_22	-6.1	-4.8	-5.3	-6.1	-6.3	-6.4	-4.1	-6.3	-6.2	-6.2	-5.6	-6.0	-6.1	-6.4	-5.7	-3.4	-6.2	-6.1	-6.2	-5.4	-5.9	-5.3	-6.4	-6.1	-6.3	-6.6	-5.1	-6.1	-5.6	-5.7	-6.0	-5.6	-6.5	-6.2	-6.4	-6.5	-5.8	-6.5	-6.1	-6.5	-5.9	-6.0	-5.9	-5.7	-3.3	-6.2	-5.7	-5.5	-5.2	-6.5	-6.8	-6.1	-5.2	-6.0	-5.9	-5.4	-6.2	-6.9	-6.1	-6.4	-5.1	-5.7	-6.0	-6.4	-6.8	-6.4	-5.0	-3.3	-4.0	-5.7	-6.5	-5.6	-7.9	-5.8	-6.2	-5.9	-6.6	-6.5	-5.8	-5.6	-6.6	-6.2	-6.2	-7.7	-6.0	-5.7	-6.3	-6.2	-5.7	-5.3	-5.0	-6.6	-5.3	-5.5	-6.9	-6.2	-6.4	-5.3	-4.0	-5.5	-5.3	-6.1	-6.5	-5.6	-3.3	-6.7	-6.8	-5.4	-6.0	-6.3	-5.4	-7.3	-6.9
5a7b_protein_Repair_23	-5.9	-4.7	-4.9	-5.3	-6.1	-5.6	-3.9	-6.2	-6.0	-5.7	-5.5	-6.0	-6.2	-5.6	-5.5	-3.4	-6.4	-6.2	-5.9	-5.4	-5.6	-5.4	-5.9	-6.0	-6.3	-6.4	-5.2	-5.6	-5.8	-5.7	-5.7	-5.3	-6.2	-6.2	-5.8	-6.6	-5.5	-6.5	-6.5	-6.6	-6.1	-6.0	-5.7	-5.9	-3.4	-6.3	-5.5	-5.6	-5.3	-6.5	-6.6	-5.4	-5.0	-6.0	-5.6	-5.2	-6.4	-6.8	-5.9	-6.6	-5.1	-5.6	-5.9	-6.7	-6.5	-6.2	-4.8	-3.4	-3.6	-5.6	-6.5	-5.6	-7.5	-5.9	-5.8	-6.4	-6.5	-6.6	-5.3	-5.5	-6.3	-6.1	-6.1	-7.5	-6.0	-5.4	-6.4	-6.4	-5.3	-5.3	-5.4	-6.3	-5.0	-5.0	-6.3	-6.4	-6.4	-5.3	-3.5	-5.4	-5.4	-5.4	-6.5	-5.1	-3.4	-5.9	-6.0	-5.8	-5.9	-6.3	-5.8	-7.1	-6.5
5a7b_protein_Repair_24	-5.9	-5.2	-5.2	-5.7	-6.3	-6.3	-3.9	-6.9	-6.2	-6.2	-6.2	-5.9	-6.6	-6.8	-6.0	-3.3	-7.6	-6.2	-6.2	-5.5	-5.8	-5.7	-6.4	-6.6	-6.7	-6.9	-5.7	-6.0	-5.6	-6.3	-6.5	-5.6	-6.6	-6.9	-6.7	-6.8	-6.1	-6.8	-6.5	-6.8	-6.6	-6.2	-6.7	-6.4	-3.3	-7.3	-5.9	-6.0	-5.6	-7.1	-7.5	-6.0	-5.8	-6.2	-6.0	-6.0	-6.6	-7.3	-6.4	-6.6	-5.9	-6.0	-6.5	-6.7	-7.0	-6.6	-6.4	-3.3	-3.8	-5.8	-6.4	-5.9	-7.8	-6.6	-6.6	-5.9	-6.4	-6.5	-6.1	-5.8	-6.8	-6.7	-6.4	-7.4	-6.4	-5.9	-6.4	-6.7	-6.2	-5.7	-5.6	-7.9	-5.3	-5.9	-6.4	-6.5	-6.4	-6.0	-3.8	-5.8	-5.6	-5.8	-6.3	-6.2	-3.3	-6.5	-7.2	-6.6	-6.4	-6.6	-6.3	-7.6	-7.8
5a7b_protein_Repair_25	-6.1	-5.2	-5.0	-6.1	-6.0	-6.1	-3.9	-6.5	-6.0	-6.0	-4.6	-6.0	-7.0	-6.3	-5.6	-3.3	-6.9	-6.4	-6.3	-5.2	-5.7	-5.3	-5.8	-6.2	-6.9	-6.5	-5.4	-5.8	-5.7	-6.1	-5.9	-5.5	-6.2	-6.4	-6.0	-6.9	-5.8	-6.8	-6.6	-6.4	-6.0	-5.9	-6.1	-5.7	-3.3	-6.3	-5.8	-5.8	-5.5	-6.6	-6.8	-5.6	-5.3	-5.9	-5.5	-5.3	-6.3	-6.2	-6.1	-6.6	-5.4	-5.8	-6.6	-6.9	-6.7	-6.1	-5.3	-3.3	-3.8	-6.1	-6.5	-5.7	-7.0	-6.3	-6.5	-5.8	-6.4	-6.6	-5.9	-5.5	-6.4	-6.2	-6.1	-7.4	-6.1	-5.7	-5.9	-6.3	-5.7	-5.3	-5.3	-7.1	-5.5	-5.6	-6.7	-6.5	-6.5	-6.0	-3.8	-5.8	-5.7	-5.9	-6.7	-5.8	-3.3	-6.5	-6.8	-5.7	-6.0	-6.5	-5.5	-7.0	-6.9
5a7b_protein_Repair_26	-6.0	-5.0	-5.0	-6.2	-6.1	-6.3	-4.1	-6.7	-6.5	-6.5	-5.2	-6.0	-6.9	-6.3	-5.7	-3.4	-6.5	-6.2	-6.6	-6.0	-6.0	-5.4	-5.9	-5.9	-6.6	-7.0	-5.4	-5.9	-5.8	-5.8	-6.1	-5.6	-6.7	-6.4	-6.2	-6.8	-6.5	-6.7	-6.2	-6.7	-6.0	-6.1	-5.9	-6.2	-3.4	-6.3	-6.0	-5.5	-5.4	-6.8	-7.0	-6.0	-5.3	-6.2	-5.6	-5.5	-6.1	-6.0	-6.0	-6.4	-5.6	-6.1	-6.3	-6.3	-6.2	-6.4	-7.2	-3.4	-3.9	-6.1	-6.4	-5.9	-7.7	-5.9	-6.7	-6.2	-6.1	-6.1	-5.7	-5.1	-6.1	-6.8	-6.4	-7.5	-6.4	-5.6	-6.3	-6.3	-5.9	-5.3	-5.4	-6.9	-5.2	-5.5	-6.5	-6.5	-6.3	-5.3	-3.9	-5.2	-5.6	-5.7	-6.2	-5.7	-3.3	-6.6	-6.1	-6.1	-6.1	-6.6	-5.8	-7.0	-6.8
5a7b_protein_Repair_27	-5.7	-4.8	-5.4	-5.4	-5.8	-5.9	-3.8	-6.0	-5.4	-5.4	-4.1	-5.9	-6.2	-6.2	-5.4	-3.5	-6.2	-6.3	-6.0	-5.1	-5.3	-5.2	-5.8	-5.5	-6.3	-6.5	-5.3	-5.4	-5.8	-5.4	-5.8	-5.4	-6.6	-6.1	-5.7	-6.2	-6.0	-6.4	-6.1	-6.2	-6.0	-6.3	-6.0	-5.8	-3.5	-6.5	-5.6	-5.3	-5.4	-6.4	-5.9	-5.9	-5.2	-6.3	-5.6	-5.2	-6.2	-6.2	-5.9	-6.4	-5.4	-6.0	-6.0	-6.3	-6.3	-6.1	-4.3	-3.5	-3.9	-5.6	-6.4	-5.5	-6.5	-5.8	-6.0	-6.2	-6.5	-6.1	-4.6	-5.1	-5.8	-6.1	-5.9	-7.5	-5.8	-5.6	-6.5	-6.2	-5.7	-5.2	-5.2	-6.5	-4.8	-5.1	-6.3	-6.3	-6.4	-4.6	-4.0	-5.2	-5.5	-5.7	-6.5	-5.1	-3.5	-6.3	-6.3	-5.5	-5.9	-6.6	-5.7	-6.9	-6.9
5a7b_protein_Repair_28	-5.9	-4.9	-5.0	-6.3	-6.2	-6.4	-4.1	-6.7	-6.5	-5.9	-6.3	-6.0	-7.0	-7.0	-5.9	-3.3	-6.4	-6.1	-6.6	-5.3	-5.8	-5.5	-6.6	-6.4	-6.9	-6.7	-5.4	-5.8	-6.1	-5.8	-6.0	-5.9	-6.1	-6.5	-6.3	-7.3	-6.1	-6.9	-6.2	-6.6	-6.3	-6.4	-6.0	-6.5	-3.4	-6.2	-6.0	-5.9	-5.5	-6.7	-7.0	-5.9	-5.6	-6.4	-5.4	-5.6	-6.1	-6.5	-6.0	-6.7	-5.8	-6.0	-5.9	-6.3	-7.1	-6.5	-7.3	-3.3	-3.7	-6.0	-6.9	-5.8	-7.1	-6.4	-7.0	-6.3	-6.5	-6.7	-5.7	-5.3	-6.6	-6.9	-6.5	-7.4	-6.3	-5.9	-6.1	-6.5	-6.0	-5.5	-5.7	-6.5	-5.5	-5.4	-6.6	-6.2	-6.3	-5.2	-3.7	-5.6	-5.8	-5.7	-6.4	-5.5	-3.3	-6.4	-6.1	-5.7	-5.9	-6.3	-5.9	-7.1	-7.2
5a7b_protein_Repair_29	-5.9	-5.0	-4.9	-5.8	-5.9	-6.1	-4.0	-6.5	-6.4	-6.3	-4.7	-5.8	-6.6	-6.6	-5.8	-3.5	-6.4	-6.1	-6.3	-5.8	-5.6	-5.5	-6.0	-5.9	-6.3	-6.5	-5.6	-5.9	-5.7	-5.8	-5.9	-5.6	-6.1	-6.5	-6.2	-6.8	-5.8	-6.5	-6.1	-6.5	-6.2	-6.4	-6.2	-6.0	-3.5	-6.3	-6.0	-5.5	-5.4	-6.5	-6.9	-5.8	-5.3	-6.3	-5.6	-5.6	-6.3	-6.5	-5.9	-6.7	-5.7	-6.0	-5.8	-6.2	-6.8	-6.4	-5.6	-3.5	-3.8	-5.7	-6.7	-5.8	-7.6	-6.0	-6.2	-6.2	-6.6	-6.4	-5.6	-5.3	-6.2	-6.8	-6.4	-7.7	-6.4	-5.6	-6.4	-6.4	-6.0	-5.4	-5.3	-6.6	-5.2	-5.5	-6.4	-6.2	-6.3	-5.1	-3.8	-5.8	-5.8	-5.5	-6.5	-5.3	-3.5	-6.5	-6.1	-5.9	-6.0	-5.8	-5.9	-6.9	-7.0
5a7b_protein_Repair_3	-6.2	-5.0	-4.8	-5.4	-5.7	-5.8	-3.8	-6.4	-5.8	-6.1	-4.8	-6.1	-6.2	-6.1	-5.2	-3.3	-6.3	-5.9	-6.4	-5.2	-5.6	-5.5	-5.9	-6.0	-6.4	-6.2	-5.7	-5.5	-5.8	-5.9	-5.8	-5.4	-6.3	-6.3	-6.0	-6.7	-5.7	-6.6	-6.8	-6.0	-5.9	-5.9	-5.8	-5.9	-3.3	-6.3	-5.6	-5.1	-5.4	-6.9	-6.6	-6.4	-5.3	-5.9	-5.8	-5.3	-5.8	-6.2	-6.2	-6.1	-5.4	-5.7	-6.1	-6.7	-6.3	-6.2	-5.5	-3.3	-3.8	-5.7	-6.7	-5.6	-6.7	-6.3	-6.4	-6.3	-6.4	-6.8	-5.1	-5.2	-6.4	-6.1	-6.0	-7.4	-6.1	-5.5	-5.8	-6.5	-5.8	-5.3	-5.3	-6.4	-5.1	-5.2	-6.6	-6.7	-6.5	-5.0	-3.8	-5.9	-5.6	-5.5	-6.1	-5.7	-3.3	-6.4	-6.7	-5.4	-5.9	-6.3	-5.4	-6.7	-6.8
5a7b_protein_Repair_30	-6.3	-4.9	-5.7	-5.8	-5.7	-6.4	-3.9	-6.3	-5.6	-5.6	-5.2	-5.9	-6.7	-6.8	-5.6	-3.5	-6.9	-6.8	-6.7	-5.8	-5.7	-5.3	-6.4	-5.9	-6.4	-6.7	-5.7	-5.9	-5.8	-5.9	-6.0	-5.9	-7.0	-5.9	-6.6	-6.7	-6.0	-6.3	-6.6	-6.4	-6.4	-6.3	-6.1	-6.3	-3.5	-6.3	-6.4	-6.0	-5.6	-6.6	-6.5	-6.4	-5.4	-6.3	-5.5	-5.5	-6.2	-7.2	-6.2	-6.1	-5.6	-6.5	-6.4	-6.8	-6.5	-6.5	-7.6	-3.5	-3.9	-5.6	-7.1	-5.6	-6.8	-6.2	-5.9	-6.1	-6.8	-7.0	-5.3	-5.2	-6.5	-6.2	-6.3	-7.3	-6.2	-6.1	-6.3	-6.8	-5.6	-5.6	-5.2	-7.0	-5.4	-5.0	-7.6	-6.3	-6.7	-4.8	-3.9	-5.7	-5.9	-5.7	-7.0	-5.6	-3.5	-6.2	-6.2	-6.6	-6.9	-5.6	-5.7	-7.2	-7.8
5a7b_protein_Repair_31	-5.9	-4.7	-4.8	-5.5	-5.8	-6.0	-3.9	-6.1	-5.5	-5.7	-6.0	-6.0	-6.1	-6.2	-5.5	-3.4	-6.4	-6.1	-6.1	-5.4	-5.9	-5.3	-5.9	-6.1	-6.4	-6.2	-5.3	-5.6	-5.8	-5.4	-5.7	-5.3	-6.2	-6.4	-6.0	-6.7	-6.0	-6.6	-6.6	-6.5	-5.9	-6.0	-6.0	-6.0	-3.4	-6.4	-5.6	-5.4	-5.3	-6.7	-6.3	-5.6	-5.3	-6.0	-5.5	-5.6	-6.0	-6.8	-6.1	-6.5	-5.3	-5.6	-6.0	-6.7	-6.3	-6.2	-4.3	-3.4	-3.8	-5.8	-6.7	-5.8	-7.7	-5.9	-5.9	-6.5	-6.5	-6.6	-5.6	-5.4	-6.2	-6.0	-6.0	-7.4	-6.2	-5.7	-6.1	-6.3	-5.8	-5.3	-5.1	-6.4	-5.0	-5.4	-6.4	-6.1	-6.5	-5.4	-3.8	-5.6	-5.7	-5.5	-6.1	-5.3	-3.4	-6.3	-6.5	-5.5	-6.0	-5.8	-5.5	-7.1	-6.9
5a7b_protein_Repair_32	-	-5.3	-5.9	-6.4	-	-	-4.2	-6.5	-7.2	-7.1	-	-6.9	-7.9	-6.0	-6.8	-3.5	-6.6	-	-6.1	-6.2	-6.6	-6.4	-7.0	-7.1	-7.2	-8.3	-6.7	-6.9	-0.0	-6.4	-7.5	-6.4	-6.5	-7.2	-6.8	-7.6	-	-7.6	-7.6	-7.6	-7.0	-6.3	-6.0	-6.8	-3.5	-7.6	-6.8	-7.0	-6.9	-8.0	-6.6	-6.6	-6.5	-5.9	-6.3	-7.0	-7.3	-6.4	-7.3	-6.5	-6.0	-7.0	-5.9	-7.6	-6.2	-6.2	0.0	-3.5	-4.0	-6.6	-7.1	-7.1	-7.0	-5.9	-7.1	-7.2	-6.6	-7.0	-5.2	-6.4	-	-6.9	-7.0	-7.7	-7.8	-6.9	-7.4	-6.7	-5.9	-6.8	-6.6	-6.7	-6.3	-6.3	-7.3	-6.8	-6.6	-5.1	-4.0	-6.2	-6.4	-6.8	-6.6	-5.7	-3.5	-8.1	-6.6	-6.6	-7.0	-6.5	-5.4	-7.3	-7.0
5a7b_protein_Repair_33	-6.1	-5.2	-5.0	-6.9	-5.7	-6.4	-3.9	-7.0	-6.3	-6.2	-6.1	-6.5	-6.9	-7.1	-5.9	-3.4	-6.3	-6.6	-7.0	-5.2	-5.9	-5.4	-6.3	-5.9	-6.4	-7.2	-5.4	-5.9	-5.8	-5.8	-5.9	-5.8	-6.6	-6.3	-6.3	-7.0	-6.2	-6.4	-6.9	-6.4	-6.1	-6.1	-6.3	-6.3	-3.4	-6.3	-6.1	-5.6	-5.5	-6.7	-7.0	-6.5	-5.8	-6.1	-5.9	-5.5	-6.1	-6.6	-6.3	-6.8	-5.6	-6.1	-6.5	-7.1	-6.6	-6.5	-5.8	-3.4	-3.6	-5.7	-6.7	-5.8	-7.2	-6.4	-6.8	-6.5	-6.2	-6.8	-6.0	-6.0	-6.5	-6.6	-6.3	-7.6	-6.5	-6.1	-6.4	-6.5	-6.0	-5.9	-5.4	-6.6	-5.2	-5.8	-6.8	-6.6	-6.3	-5.4	-3.6	-6.1	-5.8	-6.1	-6.4	-5.8	-3.3	-7.2	-6.6	-6.3	-6.2	-6.0	-5.9	-7.7	-7.2
5a7b_protein_Repair_34	-6.1	-5.3	-6.0	-5.9	-5.8	-6.1	-4.1	-6.0	-5.9	-5.8	-5.1	-6.1	-6.8	-6.7	-5.9	-3.5	-6.5	-6.4	-6.5	-6.3	-5.9	-5.3	-6.5	-6.2	-6.5	-7.3	-6.0	-6.1	-5.9	-6.3	-6.1	-5.7	-6.7	-6.4	-6.4	-6.3	-6.0	-6.4	-6.2	-6.3	-6.4	-5.9	-6.2	-6.0	-3.5	-6.2	-5.7	-5.9	-6.0	-6.6	-6.4	-6.1	-5.9	-5.9	-5.8	-5.5	-6.5	-6.8	-6.6	-6.6	-5.7	-6.3	-5.5	-6.1	-6.5	-6.1	-4.5	-3.5	-4.0	-6.3	-6.5	-6.0	-7.1	-5.4	-6.2	-6.3	-6.1	-6.1	-4.5	-5.2	-6.6	-7.0	-6.4	-7.2	-6.9	-5.7	-6.7	-6.2	-5.9	-5.2	-5.5	-6.7	-5.5	-5.1	-6.6	-5.7	-5.8	-4.6	-4.0	-5.7	-5.6	-6.2	-6.9	-5.4	-3.5	-6.5	-6.0	-6.8	-6.3	-6.1	-5.9	-7.1	-7.4
5a7b_protein_Repair_35	-6.0	-4.5	-5.0	-5.9	-5.8	-6.3	-4.0	-6.2	-5.7	-5.8	-5.5	-5.9	-6.1	-5.3	-6.1	-3.6	-6.1	-6.0	-6.0	-5.2	-5.6	-5.1	-6.3	-5.6	-6.1	-6.4	-5.3	-6.4	-5.5	-5.2	-6.0	-5.5	-6.4	-5.9	-5.7	-6.4	-6.1	-5.6	-6.2	-5.8	-6.0	-6.3	-5.9	-6.3	-3.6	-6.4	-6.1	-5.4	-5.2	-6.4	-6.9	-5.7	-5.3	-6.1	-5.7	-5.3	-6.2	-6.0	-6.5	-5.9	-5.0	-5.5	-5.5	-6.3	-6.5	-6.5	-	-3.6	-3.9	-5.6	-6.4	-5.7	-7.7	-5.5	-6.1	-5.9	-6.2	-6.5	-5.2	-5.2	-6.0	-6.6	-6.2	-7.6	-5.8	-6.1	-6.2	-6.3	-5.6	-5.0	-4.9	-6.3	-5.2	-5.2	-6.7	-6.4	-6.2	-4.7	-3.9	-5.1	-5.3	-5.2	-6.2	-5.4	-3.6	-6.3	-5.9	-6.0	-5.4	-6.1	-5.1	-6.8	-7.3
5a7b_protein_Repair_36	-5.8	-5.0	-5.0	-5.6	-5.9	-6.3	-3.9	-6.4	-5.7	-5.6	-5.0	-5.7	-6.0	-6.7	-5.9	-3.5	-6.7	-6.6	-6.1	-5.1	-5.7	-5.5	-5.8	-5.6	-6.2	-6.6	-5.5	-5.8	-5.5	-5.6	-5.9	-5.4	-6.2	-5.7	-5.7	-6.6	-5.8	-5.9	-6.3	-6.2	-6.0	-6.3	-6.0	-5.8	-3.5	-6.2	-6.1	-5.3	-5.7	-6.4	-6.7	-5.8	-5.1	-6.1	-5.8	-5.4	-6.1	-6.4	-6.0	-6.0	-5.0	-5.4	-5.4	-6.5	-6.4	-6.3	-5.9	-3.5	-3.9	-5.6	-6.2	-5.6	-7.7	-5.8	-5.9	-6.0	-6.5	-6.7	-5.1	-5.2	-6.3	-6.2	-6.1	-7.4	-5.8	-6.2	-6.3	-6.2	-5.9	-5.1	-4.9	-6.9	-5.1	-5.5	-6.6	-6.6	-6.3	-4.8	-3.9	-5.1	-5.4	-5.7	-6.7	-5.5	-3.5	-6.1	-6.6	-6.3	-6.2	-5.7	-5.6	-7.0	-7.0
5a7b_protein_Repair_37	-5.8	-4.7	-5.3	-5.2	-5.2	-6.0	-3.8	-6.0	-5.4	-5.1	-6.2	-5.7	-6.0	-5.8	-5.3	-3.6	-6.6	-6.2	-6.1	-5.4	-5.5	-5.0	-6.2	-5.6	-6.2	-6.0	-5.1	-5.4	-5.3	-5.6	-5.4	-5.5	-6.4	-6.2	-5.5	-6.8	-5.8	-6.5	-6.0	-6.1	-5.8	-6.0	-5.9	-6.0	-3.6	-6.2	-5.8	-5.4	-5.1	-6.1	-6.0	-5.5	-5.3	-5.7	-5.4	-5.5	-6.1	-6.7	-5.9	-5.7	-5.4	-5.8	-5.9	-6.4	-6.3	-6.4	-6.6	-3.5	-3.6	-5.5	-6.1	-5.6	-7.0	-5.8	-5.7	-5.8	-6.3	-6.8	-4.4	-5.2	-5.6	-5.4	-5.7	-7.1	-5.9	-5.7	-5.9	-6.3	-5.8	-4.8	-4.9	-6.8	-5.1	-5.2	-6.4	-6.0	-6.2	-4.6	-3.6	-5.3	-5.3	-5.8	-6.4	-5.0	-3.6	-6.1	-5.9	-5.4	-5.9	-6.5	-5.2	-6.7	-7.0
5a7b_protein_Repair_38	-5.9	-4.8	-5.1	-6.0	-6.2	-5.8	-3.9	-6.5	-5.7	-6.2	-4.6	-6.1	-6.2	-6.1	-6.0	-3.6	-6.4	-6.1	-6.3	-5.4	-5.9	-5.5	-6.1	-6.2	-6.6	-6.3	-5.3	-5.7	-5.7	-5.7	-5.6	-5.6	-6.3	-6.3	-6.1	-6.9	-6.3	-6.3	-6.5	-6.5	-6.0	-6.1	-6.0	-6.1	-3.6	-6.3	-5.6	-5.3	-5.4	-6.7	-6.6	-5.8	-5.4	-6.1	-5.7	-5.4	-6.1	-6.6	-6.0	-6.4	-5.5	-5.8	-5.9	-7.0	-6.4	-6.3	-4.6	-3.4	-3.8	-6.1	-7.0	-5.7	-6.7	-6.2	-6.0	-6.7	-6.6	-7.2	-5.8	-5.4	-5.9	-6.0	-6.1	-7.5	-6.3	-5.6	-6.3	-6.3	-6.0	-5.3	-5.3	-6.3	-5.3	-5.3	-6.5	-6.1	-6.5	-5.1	-3.8	-5.9	-5.7	-5.5	-6.2	-5.5	-3.6	-6.6	-6.6	-5.7	-6.0	-6.0	-5.4	-7.1	-6.8
5a7b_protein_Repair_39	-5.7	-4.8	-5.1	-6.0	-6.0	-6.1	-4.0	-6.5	-5.9	-5.9	-5.8	-5.9	-6.3	-6.4	-5.5	-3.4	-6.5	-6.2	-6.3	-5.5	-5.8	-5.5	-6.2	-5.8	-6.4	-6.4	-5.2	-5.9	-5.8	-5.8	-5.9	-5.8	-6.5	-6.2	-5.8	-6.5	-6.0	-6.3	-6.4	-6.4	-5.9	-6.0	-6.0	-6.0	-3.4	-6.3	-5.7	-5.4	-5.3	-6.7	-6.8	-5.7	-5.2	-6.0	-5.5	-5.4	-6.2	-6.4	-6.1	-6.5	-5.2	-5.8	-6.4	-6.5	-6.5	-6.3	-6.6	-3.4	-3.7	-5.7	-6.7	-5.7	-6.7	-5.8	-6.1	-6.4	-6.6	-6.7	-5.5	-5.4	-5.8	-6.2	-6.1	-7.4	-6.1	-5.7	-6.4	-6.2	-5.6	-5.2	-5.1	-6.6	-5.5	-5.3	-6.5	-6.1	-6.4	-4.8	-3.7	-5.5	-5.5	-5.8	-6.6	-5.2	-3.4	-6.6	-6.7	-5.5	-6.2	-6.6	-5.8	-7.0	-7.0
5a7b_protein_Repair_4	-6.2	-5.1	-4.8	-6.3	-5.7	-6.0	-3.8	-6.4	-5.9	-6.2	-5.7	-5.9	-6.5	-6.7	-5.2	-3.5	-6.4	-6.0	-6.4	-5.2	-5.6	-5.5	-6.1	-6.1	-6.6	-6.3	-5.5	-5.6	-5.9	-6.1	-5.9	-5.5	-6.0	-6.3	-6.1	-6.5	-6.2	-6.6	-6.5	-6.2	-6.0	-6.2	-6.0	-5.9	-3.3	-6.4	-5.6	-5.8	-5.9	-6.5	-6.8	-5.6	-5.8	-6.2	-5.5	-5.7	-6.3	-6.1	-6.1	-6.5	-5.5	-5.7	-6.3	-6.7	-6.5	-6.3	-5.3	-3.5	-3.9	-6.0	-6.8	-5.5	-6.5	-5.9	-6.0	-6.2	-6.5	-6.9	-5.3	-5.2	-6.4	-6.0	-6.0	-7.6	-6.3	-5.5	-6.1	-6.4	-5.9	-5.4	-5.2	-6.6	-5.2	-5.3	-6.5	-6.6	-6.5	-5.1	-3.9	-5.7	-5.7	-5.6	-6.1	-5.3	-3.5	-6.4	-6.2	-5.4	-5.9	-6.4	-5.8	-7.1	-7.0
5a7b_protein_Repair_40	-6.0	-5.3	-5.1	-6.1	-5.5	-5.8	-3.8	-6.2	-6.1	-5.7	-5.6	-5.9	-6.8	-5.7	-5.4	-3.2	-6.3	-6.1	-6.3	-5.2	-5.6	-5.1	-6.0	-6.2	-6.4	-6.3	-5.4	-5.6	-5.9	-5.8	-5.9	-5.3	-6.4	-6.1	-6.2	-6.6	-6.2	-6.2	-6.4	-6.2	-6.4	-6.3	-5.6	-5.6	-3.4	-6.4	-5.6	-5.9	-5.8	-6.6	-6.2	-5.8	-5.5	-6.0	-5.7	-5.3	-6.1	-6.2	-6.3	-6.3	-5.3	-6.1	-6.1	-6.7	-6.4	-6.1	-4.8	-3.3	-3.5	-5.8	-6.5	-5.7	-6.4	-6.1	-6.3	-6.2	-6.5	-6.8	-4.9	-5.7	-6.4	-6.1	-5.9	-7.4	-6.2	-5.6	-6.0	-6.4	-6.1	-5.5	-5.4	-6.5	-5.1	-5.5	-6.6	-6.2	-6.5	-5.0	-3.5	-5.6	-5.5	-5.6	-6.3	-5.4	-3.3	-6.6	-6.8	-5.6	-5.9	-6.3	-5.3	-7.2	-6.9
5a7b_protein_Repair_41	-5.9	-4.7	-5.0	-5.4	-5.2	-6.0	-3.9	-6.2	-5.3	-5.2	-5.3	-5.9	-6.1	-6.4	-5.5	-3.4	-6.4	-6.1	-5.8	-5.1	-5.7	-5.5	-5.9	-5.6	-6.4	-6.3	-5.1	-5.5	-5.7	-5.8	-5.7	-5.4	-6.2	-6.2	-5.9	-6.8	-5.9	-6.3	-6.5	-6.5	-5.4	-6.2	-5.8	-6.0	-3.4	-6.3	-5.7	-5.4	-5.6	-6.5	-6.5	-6.1	-5.3	-5.8	-5.8	-5.6	-6.0	-6.9	-6.0	-6.3	-5.3	-5.5	-6.0	-6.6	-6.7	-6.2	-4.8	-3.5	-3.9	-5.7	-6.7	-5.5	-7.8	-5.9	-6.0	-6.2	-6.5	-6.7	-4.7	-4.9	-5.7	-5.8	-6.0	-7.7	-5.7	-5.7	-6.1	-6.5	-5.0	-5.2	-5.2	-6.2	-5.2	-4.9	-6.5	-6.0	-6.0	-4.8	-4.0	-5.5	-5.4	-5.5	-6.2	-5.2	-3.4	-6.3	-6.0	-5.5	-5.9	-6.2	-5.6	-6.9	-6.9
5a7b_protein_Repair_42	-5.9	-4.9	-5.1	-6.1	-5.5	-7.4	-3.8	-6.2	-5.6	-5.6	-5.2	-6.1	-6.4	-6.8	-5.5	-3.2	-6.9	-6.5	-6.7	-5.7	-5.6	-5.0	-5.8	-6.5	-6.4	-6.1	-5.4	-5.5	-5.9	-5.8	-5.8	-5.6	-6.2	-6.1	-6.6	-6.1	-6.1	-6.8	-6.3	-6.1	-6.2	-6.0	-5.7	-6.0	-3.4	-6.1	-5.5	-5.9	-5.7	-6.7	-6.0	-5.8	-5.8	-6.0	-5.6	-5.5	-6.2	-6.4	-6.2	-6.0	-5.4	-5.4	-6.2	-6.4	-6.5	-6.3	-6.7	-3.2	-3.7	-5.7	-6.5	-5.6	-6.6	-5.5	-6.3	-6.3	-6.3	-7.0	-5.5	-5.0	-5.9	-5.8	-5.9	-7.6	-6.3	-5.5	-5.9	-6.4	-5.9	-5.3	-5.3	-7.0	-5.5	-5.2	-6.5	-6.0	-6.3	-6.2	-3.7	-5.7	-5.7	-5.7	-6.7	-5.6	-3.4	-6.5	-6.0	-5.4	-6.4	-5.8	-5.4	-6.8	-6.5
5a7b_protein_Repair_43	-5.6	-4.6	-5.2	-5.6	-5.7	-6.4	-4.0	-6.2	-5.4	-5.5	-4.3	-5.7	-6.3	-6.5	-5.5	-3.4	-6.5	-6.4	-6.5	-5.5	-5.6	-4.8	-6.4	-5.9	-6.0	-6.3	-5.1	-5.7	-5.7	-5.6	-5.8	-5.2	-6.8	-5.9	-5.6	-6.3	-5.5	-6.2	-6.0	-6.2	-6.0	-6.3	-5.8	-6.4	-3.4	-6.0	-5.7	-5.7	-5.4	-6.5	-6.6	-5.6	-5.4	-6.1	-5.8	-5.2	-6.2	-6.8	-6.4	-6.8	-5.2	-5.5	-6.1	-5.9	-5.9	-6.1	-5.0	-3.4	-3.9	-5.4	-6.1	-5.5	-6.7	-6.0	-6.2	-6.1	-6.7	-6.4	-5.5	-5.2	-6.7	-6.4	-6.1	-7.3	-6.1	-5.8	-5.7	-5.9	-5.2	-5.2	-5.2	-6.5	-5.0	-5.3	-6.2	-5.9	-6.0	-4.8	-3.9	-5.0	-5.0	-5.8	-6.4	-5.4	-3.4	-7.0	-5.8	-5.5	-6.0	-5.7	-5.3	-7.1	-7.0
5a7b_protein_Repair_44	-5.9	-4.9	-5.1	-5.5	-6.1	-6.2	-4.0	-6.3	-6.1	-6.1	-5.5	-6.2	-6.0	-6.0	-5.5	-3.4	-6.2	-6.3	-6.2	-5.3	-5.6	-5.1	-6.2	-6.2	-6.2	-6.3	-5.0	-5.6	-5.6	-5.5	-5.8	-5.4	-6.3	-6.3	-6.2	-6.6	-5.6	-5.8	-6.7	-6.5	-6.0	-6.2	-5.9	-6.1	-3.4	-6.4	-5.7	-5.5	-5.3	-6.5	-6.5	-5.5	-5.1	-6.2	-5.7	-5.2	-6.2	-6.4	-5.9	-6.2	-5.1	-5.5	-6.1	-6.7	-6.6	-6.3	-4.4	-3.4	-3.8	-5.5	-6.7	-5.8	-8.0	-5.9	-6.1	-6.2	-6.4	-6.7	-4.7	-5.3	-5.7	-5.9	-6.2	-7.5	-5.9	-5.8	-5.8	-6.5	-5.3	-5.1	-5.1	-6.2	-5.0	-5.2	-6.6	-6.1	-6.1	-5.4	-3.8	-5.4	-5.4	-5.4	-6.5	-5.1	-3.4	-6.1	-5.9	-5.5	-5.9	-6.1	-5.4	-6.9	-7.3
5a7b_protein_Repair_45	-5.9	-4.8	-5.0	-5.9	-5.4	-6.0	-3.9	-6.3	-5.9	-5.4	-5.1	-5.9	-6.0	-6.3	-5.5	-3.3	-6.5	-6.3	-6.3	-5.5	-5.6	-5.5	-6.1	-5.6	-6.4	-6.3	-5.1	-5.7	-5.7	-5.9	-5.7	-5.5	-6.3	-6.1	-5.9	-6.9	-6.1	-6.6	-6.5	-6.2	-6.0	-6.2	-5.9	-6.0	-3.4	-6.6	-5.5	-5.4	-5.2	-6.6	-6.6	-5.6	-5.1	-6.2	-5.6	-5.5	-6.2	-6.4	-6.1	-6.4	-5.3	-5.7	-6.1	-6.7	-6.4	-6.4	-4.8	-3.3	-3.9	-5.7	-6.7	-5.7	-7.8	-5.8	-5.8	-5.7	-6.6	-6.4	-5.2	-5.3	-6.1	-5.9	-6.2	-7.4	-5.7	-5.6	-6.3	-6.2	-5.3	-5.1	-5.0	-6.6	-5.1	-5.1	-6.3	-6.2	-6.2	-4.8	-3.9	-5.2	-5.5	-5.4	-6.5	-5.3	-3.3	-6.7	-6.1	-5.5	-5.9	-6.2	-5.7	-7.0	-6.8
5a7b_protein_Repair_46	-6.0	-5.0	-5.0	-5.5	-5.8	-5.9	-3.8	-6.6	-5.9	-5.7	-5.1	-5.6	-6.2	-6.8	-5.5	-3.4	-6.2	-6.2	-6.1	-5.1	-6.0	-5.3	-5.8	-5.7	-6.1	-6.3	-5.2	-5.5	-5.5	-5.7	-5.6	-5.6	-6.5	-6.2	-6.1	-	-5.7	-6.4	-5.8	-6.2	-5.9	-6.1	-5.7	-5.8	-3.4	-6.2	-5.4	-5.4	-5.1	-6.8	-6.5	-6.1	-5.2	-6.1	-5.8	-5.1	-5.8	-6.3	-6.0	-6.5	-5.2	-5.8	-6.2	-6.3	-6.7	-6.1	-4.7	-3.3	-3.9	-6.1	-6.7	-5.5	-6.4	-5.4	-6.5	-5.7	-6.5	-5.9	-5.8	-5.4	-6.0	-5.9	-5.9	-7.1	-6.1	-5.6	-6.4	-5.9	-5.5	-5.0	-5.1	-6.5	-5.4	-5.4	-7.1	-6.1	-6.1	-5.1	-3.9	-5.2	-5.6	-5.4	-6.3	-5.9	-3.3	-6.2	-6.3	-6.0	-5.9	-6.1	-5.8	-7.0	-7.1
5a7b_protein_Repair_47	-5.8	-4.9	-4.9	-5.4	-5.8	-7.1	-3.9	-6.3	-5.5	-5.4	-6.0	-5.8	-6.1	-5.8	-5.7	-3.4	-6.3	-6.1	-6.1	-5.3	-5.4	-5.4	-6.0	-5.6	-6.4	-6.4	-5.4	-5.8	-5.8	-5.4	-6.1	-5.6	-6.4	-6.2	-5.8	-6.7	-6.0	-6.3	-6.3	-6.2	-6.1	-6.3	-6.0	-5.3	-3.4	-6.3	-5.7	-5.8	-5.3	-6.3	-6.6	-6.1	-5.3	-6.2	-5.7	-5.5	-6.1	-6.2	-5.9	-6.1	-5.5	-5.6	-6.1	-6.5	-6.7	-6.6	-6.7	-3.4	-3.8	-5.6	-6.4	-5.6	-7.5	-5.8	-6.1	-6.1	-6.7	-7.1	-5.0	-5.4	-5.6	-5.8	-5.9	-7.4	-6.0	-5.7	-6.6	-6.4	-5.9	-5.3	-5.2	-6.1	-5.6	-5.3	-6.5	-6.4	-6.6	-4.9	-3.8	-5.5	-5.4	-5.8	-6.2	-5.0	-3.4	-6.1	-6.1	-5.5	-5.9	-6.7	-5.7	-7.0	-7.0
5a7b_protein_Repair_48	-6.1	-4.9	-5.2	-6.1	-6.0	-6.6	-3.9	-6.6	-6.1	-6.1	-4.9	-6.1	-7.0	-7.2	-5.7	-3.2	-6.7	-6.5	-6.7	-5.4	-5.7	-5.3	-6.2	-5.9	-6.2	-6.8	-5.3	-6.0	-6.0	-5.9	-6.1	-5.6	-6.6	-6.1	-6.1	-6.8	-6.2	-6.9	-6.8	-6.6	-6.1	-6.3	-6.2	-6.2	-3.2	-6.5	-5.8	-5.8	-5.8	-6.8	-7.1	-5.6	-5.4	-6.2	-5.9	-5.7	-6.1	-6.7	-6.3	-6.4	-5.3	-6.1	-5.5	-7.2	-6.5	-6.4	-4.6	-3.2	-3.7	-6.1	-6.5	-5.8	-8.0	-6.3	-6.7	-6.4	-6.8	-6.2	-6.0	-5.4	-6.4	-6.5	-6.6	-7.8	-6.5	-6.0	-6.2	-6.3	-6.2	-5.3	-5.5	-6.9	-5.1	-5.6	-7.0	-6.6	-6.8	-5.4	-3.7	-5.7	-5.9	-5.9	-6.8	-5.5	-3.2	-6.9	-6.3	-5.8	-6.0	-6.5	-5.7	-7.3	-7.0
5a7b_protein_Repair_49	-5.9	-5.1	-4.8	-6.1	-6.3	-6.0	-3.9	-6.6	-5.5	-5.7	-4.9	-6.0	-6.8	-6.1	-5.5	-3.5	-6.6	-6.3	-6.7	-5.2	-5.8	-5.3	-6.2	-6.2	-6.4	-6.4	-5.7	-5.8	-5.9	-5.8	-5.7	-5.6	-6.8	-6.4	-6.4	-6.9	-6.3	-7.0	-6.5	-6.3	-6.5	-6.1	-6.5	-5.7	-3.4	-6.3	-5.7	-5.8	-5.5	-6.6	-6.3	-6.0	-5.5	-6.1	-5.8	-5.4	-6.4	-6.3	-6.3	-6.6	-5.7	-5.9	-6.5	-6.9	-6.4	-6.3	-5.4	-3.4	-3.9	-6.2	-6.7	-5.6	-7.2	-6.2	-6.5	-6.3	-6.6	-6.3	-5.9	-5.4	-6.3	-6.3	-6.0	-7.2	-6.6	-5.7	-6.2	-6.4	-6.1	-5.5	-5.3	-6.9	-5.5	-5.5	-6.5	-6.2	-6.6	-5.5	-3.9	-6.1	-5.8	-6.0	-6.5	-5.7	-3.5	-6.5	-7.1	-5.6	-5.9	-6.6	-5.8	-7.3	-7.1
5a7b_protein_Repair_5	-5.9	-5.0	-4.7	-5.7	-6.5	-5.7	-3.8	-6.2	-5.8	-5.6	-5.2	-5.9	-6.3	-5.7	-5.2	-3.4	-6.4	-6.0	-6.1	-5.2	-5.7	-5.2	-5.8	-6.1	-6.4	-6.1	-5.7	-5.5	-5.7	-5.8	-5.6	-5.5	-6.2	-6.2	-6.0	-6.2	-5.9	-6.4	-6.5	-6.0	-6.3	-5.9	-5.6	-5.8	-3.4	-6.3	-5.5	-5.2	-5.7	-6.6	-6.2	-6.1	-5.4	-5.9	-5.8	-5.2	-5.9	-6.4	-6.0	-6.0	-5.3	-5.6	-6.0	-6.7	-6.5	-6.2	-5.4	-3.3	-3.9	-5.7	-6.6	-5.7	-6.8	-6.3	-6.4	-6.0	-6.5	-7.0	-5.6	-5.2	-5.9	-5.8	-6.0	-7.4	-6.0	-5.5	-5.7	-6.5	-6.1	-5.3	-5.2	-6.5	-5.5	-5.3	-6.6	-6.3	-6.5	-4.7	-3.9	-5.8	-5.6	-5.5	-6.1	-5.3	-3.4	-6.4	-6.5	-5.3	-6.0	-6.5	-5.4	-7.1	-6.7
5a7b_protein_Repair_50	-5.9	-4.8	-5.2	-5.5	-5.4	-6.1	-3.8	-6.3	-5.7	-5.6	-5.2	-5.8	-6.4	-7.0	-5.8	-3.3	-6.7	-6.6	-6.1	-5.2	-5.5	-5.3	-6.3	-6.0	-6.3	-6.1	-5.2	-5.6	-5.8	-5.4	-5.8	-5.4	-6.5	-6.2	-5.6	-6.6	-5.8	-6.6	-6.8	-6.1	-6.4	-6.0	-5.9	-6.3	-3.3	-6.7	-5.5	-5.6	-5.4	-6.9	-6.0	-5.6	-5.9	-6.0	-5.8	-5.2	-6.0	-6.7	-6.2	-6.2	-5.4	-5.7	-5.9	-6.5	-6.1	-6.2	-5.2	-3.3	-3.9	-5.6	-6.5	-5.6	-6.6	-6.1	-6.1	-6.6	-6.6	-6.5	-5.0	-5.4	-6.0	-5.8	-6.3	-7.4	-6.2	-5.5	-6.0	-6.3	-6.0	-5.2	-5.2	-6.8	-5.2	-5.1	-6.6	-6.4	-6.5	-5.0	-3.9	-5.6	-5.5	-5.4	-6.7	-5.1	-3.3	-6.6	-6.3	-5.4	-5.9	-5.8	-5.7	-7.5	-7.5
5a7b_protein_Repair_51	-5.8	-4.8	-	-5.8	-5.9	-6.1	-3.9	-5.7	-5.8	-5.8	-4.2	-5.9	-6.0	-5.5	-5.5	-3.4	-6.3	-6.2	-6.1	-5.2	-5.5	-5.1	-6.1	-5.6	-6.2	-6.3	-5.1	-5.4	-5.7	-5.2	-5.7	-5.3	-6.3	-6.0	-5.8	-6.4	-5.8	-6.3	-6.4	-6.4	-5.9	-6.0	-5.8	-6.1	-3.4	-6.4	-5.6	-5.5	-5.1	-6.6	-6.4	-5.4	-5.0	-6.0	-5.7	-5.4	-6.1	-6.4	-6.0	-6.0	-5.0	-5.3	-5.8	-6.7	-6.4	-6.0	-4.5	-3.4	-3.9	-5.6	-6.6	-5.7	-7.8	-5.4	-5.7	-6.3	-6.4	-6.5	-5.1	-5.2	-5.7	-5.7	-6.1	-7.6	-5.7	-5.7	-6.4	-6.2	-5.1	-5.0	-5.1	-6.3	-4.9	-4.8	-6.7	-6.1	-5.9	-4.7	-3.9	-5.2	-5.4	-5.4	-6.3	-5.2	-3.4	-6.5	-6.0	-5.5	-5.9	-6.1	-5.3	-6.9	-6.6
5a7b_protein_Repair_52	-6.0	-5.0	-5.1	-5.9	-6.0	-6.3	-4.0	-6.7	-5.8	-5.5	-5.2	-5.8	-6.4	-	-5.8	-3.5	-6.6	-	-6.5	-5.2	-5.9	-5.5	-6.3	-6.0	-6.1	-6.7	-5.4	-6.0	-5.8	-6.0	-6.5	-5.8	-6.7	-6.1	-5.9	-6.8	-5.9	-6.4	-6.3	-6.8	-6.3	-6.2	-6.0	-6.4	-3.5	-6.3	-5.7	-5.7	-5.6	-6.5	-7.2	-6.2	-5.0	-6.3	-5.6	-5.2	-6.3	-7.1	-6.1	-6.3	-5.4	-5.9	-6.4	-6.5	-6.7	-6.3	-	-3.5	-4.0	-6.1	-6.7	-5.7	-7.6	-5.7	-5.9	-5.8	-6.8	-6.5	-5.9	-5.5	-6.0	-6.1	-6.3	-7.7	-5.8	-5.6	-6.6	-6.3	-6.2	-5.5	-5.1	-6.8	-5.9	-5.6	-7.7	-6.5	-6.5	-5.6	-4.0	-5.4	-5.4	-5.8	-6.6	-5.5	-3.5	-6.7	-6.8	-5.8	-6.4	-6.1	-5.6	-7.4	-7.0
5a7b_protein_Repair_53	-	-	-5.3	-5.8	-	-	-4.1	-6.5	-6.4	-5.9	-	-6.0	-7.1	-7.0	-5.7	-3.3	-	-	-6.4	-	-5.5	-5.4	-5.9	-6.2	-6.7	-6.9	-5.6	-5.9	-	-6.1	-5.9	-5.6	-6.7	-6.3	-6.0	-	-	-6.7	-6.5	-6.6	-6.0	-6.2	-5.8	-5.8	-3.3	-6.2	-6.0	-5.9	-5.9	-6.5	-6.9	-5.7	-5.5	-6.2	-5.8	-5.6	-6.5	-6.1	-6.1	-6.6	-5.6	-5.7	-6.5	-6.9	-6.5	-6.4	-5.5	-3.3	-4.0	-6.1	-6.4	-5.4	-7.7	-6.1	-	-5.8	-6.6	-6.7	-5.7	-5.3	-	-6.3	-	-7.4	-6.0	-5.8	-6.3	-6.3	-5.7	-5.2	-5.2	-6.7	-5.3	-5.3	-	-6.2	-6.1	-5.0	-4.0	-5.7	-5.6	-5.9	-6.4	-5.3	-3.3	-6.1	-6.5	-	-6.1	-6.4	-	-6.9	-7.0
5a7b_protein_Repair_54	-5.8	-4.7	-	-5.8	-6.0	-6.6	-4.1	-6.4	-5.3	-5.3	-5.0	-6.2	-7.0	-6.5	-5.3	-3.3	-6.2	-6.0	-6.2	-5.4	-5.6	-5.1	-6.1	-5.8	-7.0	-7.8	-5.4	-6.0	-	-6.2	-5.7	-5.2	-6.0	-6.4	-6.0	-6.5	-6.0	-6.2	-6.5	-6.6	-6.6	-6.2	-6.3	-6.0	-3.3	-6.4	-5.5	-5.7	-5.3	-6.4	-6.4	-6.0	-5.4	-6.2	-5.7	-5.3	-6.6	-6.2	-5.8	-6.6	-5.4	-6.2	-6.0	-6.8	-6.5	-6.4	-6.8	-3.4	-3.8	-5.6	-6.6	-5.6	-7.4	-5.9	-5.8	-5.7	-6.6	-6.6	-5.1	-5.1	-6.2	-6.1	-6.2	-7.4	-6.1	-5.5	-5.8	-6.4	-5.9	-5.2	-5.0	-6.4	-5.1	-5.6	-6.7	-6.3	-6.5	-5.5	-3.8	-5.6	-5.9	-5.7	-6.1	-5.1	-3.4	-6.6	-6.1	-5.5	-6.1	-6.2	-5.6	-7.0	-6.9
5a7b_protein_Repair_55	-6.0	-5.1	-5.1	-5.7	-6.3	-6.2	-4.0	-6.5	-6.3	-6.2	-5.5	-6.2	-7.2	-6.6	-6.0	-3.3	-6.3	-5.9	-6.0	-5.3	-6.0	-5.2	-5.8	-6.2	-6.4	-7.0	-5.7	-6.2	-6.0	-6.1	-6.3	-5.8	-6.1	-6.4	-6.2	-6.8	-5.9	-6.9	-6.4	-6.7	-6.3	-6.2	-5.8	-5.8	-3.4	-6.3	-6.3	-5.3	-5.5	-6.9	-7.2	-5.8	-5.6	-6.3	-5.8	-5.5	-6.4	-6.3	-6.4	-6.2	-5.5	-6.1	-6.0	-6.9	-6.7	-6.5	-4.8	-3.4	-4.1	-6.2	-6.7	-5.7	-7.8	-5.9	-6.4	-6.0	-6.7	-6.7	-5.8	-5.2	-6.0	-6.6	-6.3	-7.7	-6.6	-6.3	-6.1	-6.3	-5.8	-5.3	-5.5	-6.5	-5.3	-5.6	-6.6	-6.2	-6.5	-5.6	-4.1	-5.5	-5.7	-5.8	-6.6	-5.9	-3.4	-6.5	-6.7	-5.6	-6.0	-6.4	-6.0	-7.0	-7.2
5a7b_protein_Repair_56	-6.1	-5.7	-5.4	-6.7	-6.5	-7.0	-4.0	-7.3	-6.9	-6.6	-6.0	-6.4	-7.0	-7.0	-6.1	-3.5	-6.6	-6.9	-6.9	-5.5	-6.1	-5.7	-6.4	-6.6	-6.9	-6.9	-5.6	-5.9	-5.9	-6.0	-6.5	-5.9	-7.0	-6.3	-6.8	-7.0	-6.3	-6.5	-6.6	-6.9	-6.5	-6.4	-6.6	-6.4	-3.5	-6.9	-6.3	-5.8	-5.9	-6.9	-7.6	-5.9	-5.9	-6.4	-5.9	-6.2	-6.4	-7.1	-6.7	-6.9	-5.8	-6.2	-7.2	-6.9	-6.7	-6.2	-6.4	-3.5	-4.1	-5.9	-6.7	-6.1	-8.2	-6.6	-6.8	-6.6	-6.7	-6.8	-6.3	-6.0	-6.9	-6.7	-6.4	-7.5	-6.5	-6.3	-6.6	-6.9	-6.5	-5.7	-5.5	-7.7	-6.4	-6.2	-6.7	-6.3	-6.5	-6.1	-4.1	-5.9	-5.7	-6.8	-7.2	-6.4	-3.5	-6.8	-7.4	-6.3	-6.7	-6.7	-6.7	-7.7	-8.2
5a7b_protein_Repair_57	-4.9	-5.5	-	-6.5	-6.3	-6.3	-4.0	-6.5	-6.4	-6.3	-5.1	-6.2	-6.8	-	-6.2	-3.3	-6.4	-6.1	-6.5	-5.3	-5.8	-5.3	-6.2	-6.6	-7.3	-6.5	-5.5	-6.5	-6.3	-6.3	-6.3	-6.2	-6.4	-6.4	-6.2	-6.9	-6.1	-6.9	-6.6	-6.4	-6.2	-6.2	-6.2	-6.6	-3.3	-6.5	-5.9	-6.0	-5.6	-6.9	-7.0	-6.4	-5.5	-6.2	-6.3	-5.4	-6.3	-6.7	-6.7	-6.8	-5.4	-5.9	-6.6	-7.0	-6.6	-6.3	-4.6	-3.3	-3.7	-6.0	-6.6	-5.7	-7.5	-6.4	-	-6.6	-6.7	-7.0	-5.9	-5.6	-6.4	-6.5	-6.3	-7.5	-6.4	-5.8	-6.1	-6.5	-5.8	-5.4	-5.3	-6.6	-5.3	-5.7	-6.7	-6.2	-6.2	-5.9	-3.7	-6.1	-5.8	-6.0	-6.5	-5.9	-3.3	-6.3	-7.0	-5.6	-6.2	-6.4	-5.1	-7.1	-7.2
5a7b_protein_Repair_58	-5.9	-4.9	-4.6	-6.0	-5.5	-6.1	-3.8	-6.0	-5.6	-5.6	-4.4	-6.0	-6.1	-6.9	-5.5	-3.3	-6.3	-6.2	-6.4	-5.4	-5.7	-5.3	-6.1	-6.1	-6.5	-6.3	-5.3	-5.5	-5.8	-5.4	-5.6	-5.6	-6.1	-6.3	-5.6	-7.0	-6.3	-6.5	-6.6	-6.4	-6.3	-6.0	-5.8	-6.2	-3.3	-6.5	-5.5	-5.5	-5.2	-6.7	-6.1	-6.1	-5.4	-6.0	-5.6	-5.4	-6.0	-6.3	-6.1	-6.6	-5.3	-5.6	-6.1	-6.7	-6.1	-6.2	-6.4	-3.3	-3.9	-5.8	-6.7	-5.8	-6.8	-6.1	-6.4	-6.6	-6.6	-6.8	-5.5	-5.2	-6.3	-5.9	-6.2	-7.4	-5.9	-5.5	-6.5	-6.4	-6.1	-5.3	-5.3	-6.3	-5.5	-5.1	-6.4	-6.4	-6.2	-5.4	-3.9	-5.8	-5.6	-5.6	-6.2	-5.4	-3.3	-6.2	-6.2	-5.8	-5.9	-6.4	-5.5	-7.2	-6.9
5a7b_protein_Repair_59	-6.0	-4.8	-4.7	-5.5	-5.7	-5.9	-3.7	-6.3	-5.5	-5.5	-4.9	-6.0	-6.3	-7.2	-5.4	-3.4	-6.0	-5.9	-5.8	-5.0	-5.4	-5.4	-6.0	-6.1	-6.3	-6.2	-5.2	-5.6	-5.7	-5.4	-5.7	-5.6	-6.3	-6.3	-5.7	-6.1	-6.0	-6.8	-6.9	-6.8	-6.3	-5.8	-5.9	-5.9	-3.3	-6.2	-5.7	-5.5	-5.2	-6.6	-6.1	-6.2	-5.3	-5.9	-5.8	-5.3	-6.1	-6.3	-6.1	-6.5	-5.1	-5.6	-6.1	-6.5	-6.3	-5.9	-4.8	-3.4	-3.8	-5.6	-6.6	-5.6	-6.7	-6.3	-6.2	-6.0	-6.4	-6.8	-5.0	-5.4	-5.9	-5.8	-6.2	-7.4	-6.1	-5.6	-6.0	-6.3	-5.9	-5.4	-5.3	-6.2	-5.0	-4.9	-6.7	-6.5	-6.5	-4.9	-3.8	-5.7	-5.5	-5.3	-5.9	-5.3	-3.3	-6.7	-6.8	-5.5	-5.6	-6.2	-5.5	-6.9	-6.4
5a7b_protein_Repair_6	-5.8	-5.0	-5.4	-5.8	-6.0	-5.8	-4.3	-6.0	-5.6	-6.4	-5.1	-6.0	-6.0	-6.8	-5.3	-3.9	-6.5	-6.2	-5.9	-5.7	-5.6	-5.1	-6.0	-6.1	-6.3	-6.2	-5.1	-5.4	-5.5	-5.4	-5.7	-5.0	-6.0	-6.0	-5.9	-6.1	-5.8	-6.1	-6.5	-6.2	-5.9	-6.0	-5.6	-5.9	-4.0	-6.2	-5.6	-5.6	-5.4	-6.4	-6.1	-6.2	-5.8	-6.0	-5.8	-5.4	-6.2	-6.3	-5.9	-6.0	-5.2	-5.9	-5.9	-6.5	-6.4	-6.1	-5.1	-4.0	-4.6	-5.6	-6.5	-5.5	-6.1	-5.9	-6.1	-6.3	-6.2	-6.7	-5.2	-5.3	-5.7	-5.9	-6.0	-7.5	-6.3	-5.6	-5.7	-6.5	-5.7	-5.3	-5.0	-6.6	-5.3	-5.3	-6.1	-6.6	-6.4	-6.1	-4.6	-5.5	-5.6	-5.3	-6.5	-5.1	-4.0	-6.2	-5.9	-5.8	-5.9	-5.9	-5.1	-6.8	-6.3
5a7b_protein_Repair_60	-6.1	-4.9	-5.0	-6.0	-5.7	-5.9	-3.9	-6.2	-5.8	-5.7	-5.6	-6.1	-6.2	-5.7	-5.6	-3.5	-6.6	-6.3	-6.6	-5.2	-5.9	-5.3	-5.9	-6.2	-6.5	-6.3	-5.4	-5.8	-5.8	-6.0	-5.6	-5.5	-6.2	-6.3	-5.9	-6.8	-6.3	-6.3	-6.5	-6.5	-6.0	-6.2	-6.0	-6.0	-3.5	-6.4	-5.6	-5.3	-5.4	-6.9	-6.6	-5.6	-5.2	-6.1	-5.5	-5.6	-5.9	-6.3	-6.1	-6.5	-5.6	-5.6	-6.1	-6.7	-6.6	-6.3	-5.1	-3.4	-3.9	-5.8	-6.7	-5.6	-7.7	-5.9	-5.9	-5.7	-6.6	-6.6	-5.5	-4.9	-6.2	-6.1	-6.0	-7.5	-6.2	-5.6	-6.3	-6.3	-5.8	-5.3	-5.2	-6.4	-5.5	-5.2	-6.5	-6.3	-6.5	-4.7	-3.9	-5.7	-5.5	-5.5	-6.5	-5.3	-3.5	-6.4	-6.1	-5.6	-6.1	-6.4	-5.4	-7.0	-6.9
5a7b_protein_Repair_61	-5.8	-5.1	-5.1	-5.9	-5.9	-6.3	-3.9	-6.9	-6.1	-6.2	-5.6	-6.4	-7.0	-7.0	-6.0	-3.2	-6.3	-6.1	-6.2	-5.2	-6.0	-5.3	-6.3	-6.1	-6.4	-7.1	-5.5	-6.1	-5.7	-5.9	-6.1	-5.8	-6.7	-6.4	-6.1	-7.0	-6.0	-6.3	-6.7	-6.6	-5.8	-6.1	-6.2	-6.3	-3.2	-6.5	-6.5	-5.9	-5.6	-6.7	-7.1	-6.0	-5.6	-6.0	-5.6	-5.5	-6.4	-6.9	-6.4	-6.5	-5.3	-6.0	-6.2	-7.4	-6.6	-6.3	-7.5	-3.2	-3.8	-5.7	-6.7	-5.9	-7.9	-6.4	-6.5	-6.5	-7.0	-7.0	-6.0	-4.9	-6.4	-6.7	-6.2	-7.4	-6.6	-6.5	-6.1	-6.5	-6.0	-5.6	-5.3	-6.5	-5.5	-5.7	-6.8	-6.2	-6.3	-5.8	-3.8	-6.1	-5.7	-5.9	-6.3	-5.5	-3.2	-6.5	-6.2	-6.0	-5.8	-6.3	-5.9	-7.3	-7.3
5a7b_protein_Repair_62	-5.4	-4.5	-5.2	-5.5	-5.6	-5.9	-4.0	-6.1	-5.8	-5.5	-4.5	-5.6	-6.2	-7.0	-5.6	-3.5	-6.4	-6.1	-6.4	-5.3	-5.4	-5.2	-6.1	-6.0	-6.2	-6.5	-5.3	-5.7	-5.3	-5.1	-6.0	-5.1	-6.9	-5.9	-5.6	-6.3	-5.9	-6.0	-6.3	-6.0	-5.7	-5.7	-6.2	-6.0	-3.3	-6.0	-5.6	-5.8	-5.4	-6.7	-6.1	-5.8	-5.1	-5.8	-5.1	-5.2	-5.9	-6.8	-5.7	-6.2	-5.1	-5.9	-5.8	-6.6	-5.6	-5.8	-4.8	-3.3	-3.8	-5.5	-6.3	-5.4	-6.7	-5.4	-6.1	-6.3	-6.0	-6.4	-4.7	-4.9	-6.0	-5.7	-5.8	-7.6	-5.8	-5.6	-6.2	-5.9	-5.3	-4.9	-5.0	-6.6	-4.7	-5.1	-6.5	-6.5	-6.2	-4.8	-3.8	-5.2	-5.4	-5.7	-6.2	-5.1	-3.3	-6.3	-6.2	-5.5	-5.3	-5.8	-5.1	-7.1	-6.8
5a7b_protein_Repair_63	-5.9	-4.8	-4.5	-6.0	-6.0	-6.2	-3.8	-6.0	-6.0	-6.0	-5.7	-5.7	-6.3	-5.9	-5.5	-3.3	-6.7	-6.3	-6.5	-5.4	-5.7	-4.9	-5.4	-5.9	-6.5	-6.2	-5.3	-5.6	-5.6	-5.2	-5.6	-5.3	-7.1	-5.9	-5.9	-6.6	-6.0	-6.7	-6.2	-5.9	-6.2	-5.7	-5.8	-5.4	-3.3	-5.8	-5.6	-5.5	-5.5	-6.3	-6.1	-6.0	-5.3	-5.5	-5.7	-5.3	-5.7	-6.5	-6.0	-6.4	-5.4	-5.8	-5.5	-6.2	-6.0	-5.6	-5.0	-3.4	-3.8	-6.0	-6.2	-5.8	-6.8	-5.5	-6.7	-5.5	-6.3	-6.6	-4.6	-5.5	-6.6	-5.4	-5.6	-7.2	-6.2	-5.5	-5.9	-6.0	-5.2	-5.1	-5.2	-6.8	-5.2	-5.2	-6.0	-5.7	-5.8	-4.8	-3.8	-5.4	-5.2	-5.5	-6.3	-5.4	-3.3	-6.0	-5.7	-5.3	-5.5	-5.7	-5.5	-6.7	-6.8
5a7b_protein_Repair_64	-5.8	-4.7	-5.4	-5.6	-5.9	-5.7	-3.6	-6.0	-5.6	-5.2	-5.7	-5.6	-6.3	-5.8	-5.3	-3.4	-6.5	-6.3	-6.1	-5.1	-5.5	-5.2	-6.2	-6.0	-6.4	-6.0	-5.1	-5.2	-5.6	-5.2	-5.6	-5.6	-6.6	-5.9	-5.8	-6.8	-6.0	-6.6	-5.6	-6.1	-6.1	-6.1	-6.0	-6.2	-3.3	-5.8	-5.2	-5.1	-5.2	-6.8	-5.8	-5.7	-5.2	-5.6	-5.7	-5.1	-5.8	-6.5	-5.6	-6.2	-5.5	-5.6	-5.3	-5.8	-6.1	-5.9	-4.8	-3.5	-3.7	-5.5	-6.6	-5.4	-6.4	-6.2	-6.1	-6.4	-5.8	-6.1	-4.4	-5.0	-5.9	-5.8	-5.8	-6.9	-6.0	-5.1	-5.6	-6.1	-5.7	-5.2	-5.0	-6.6	-5.1	-5.2	-6.1	-6.6	-6.4	-4.7	-3.7	-5.4	-5.6	-5.8	-6.5	-5.3	-3.5	-6.5	-6.0	-5.6	-5.7	-5.6	-5.6	-7.3	-7.3
5a7b_protein_Repair_65	-5.8	-4.8	-5.4	-6.1	-5.8	-6.7	-3.9	-6.4	-5.5	-6.1	-5.1	-6.2	-6.4	-6.9	-5.8	-3.4	-6.6	-6.3	-6.5	-5.2	-5.4	-5.5	-6.3	-5.4	-6.2	-6.6	-5.1	-6.0	-5.7	-5.1	-5.9	-5.8	-6.6	-6.0	-5.9	-6.2	-6.2	-6.4	-6.0	-6.4	-6.2	-5.7	-5.7	-6.4	-3.4	-6.3	-5.7	-5.6	-5.3	-6.9	-6.6	-5.6	-5.5	-5.7	-5.9	-5.0	-6.2	-6.2	-6.0	-6.3	-5.2	-6.0	-5.6	-5.8	-6.3	-5.7	-5.2	-3.4	-3.7	-5.4	-6.5	-5.6	-6.9	-5.9	-6.0	-6.3	-6.2	-6.0	-5.0	-5.0	-6.1	-6.2	-6.3	-7.1	-5.8	-5.7	-6.3	-5.9	-5.7	-5.2	-5.1	-6.9	-5.1	-5.3	-6.1	-5.7	-5.4	-5.0	-3.7	-5.3	-5.6	-5.7	-6.5	-5.1	-3.4	-6.3	-6.1	-5.5	-5.9	-6.1	-5.8	-6.8	-6.8
5a7b_protein_Repair_66	-6.2	-4.8	-5.3	-6.0	-6.0	-5.8	-3.8	-6.6	-6.1	-6.1	-5.1	-6.2	-6.3	-6.3	-5.9	-3.4	-6.6	-6.5	-6.4	-5.1	-5.6	-5.3	-5.8	-5.8	-6.3	-6.9	-5.4	-6.1	-5.6	-5.9	-5.8	-5.5	-7.3	-5.7	-5.7	-6.1	-5.8	-6.6	-5.9	-6.2	-5.8	-5.8	-5.9	-6.0	-3.4	-6.3	-5.5	-5.9	-5.3	-6.8	-6.7	-5.7	-5.4	-5.8	-5.7	-5.1	-6.1	-6.3	-6.0	-6.3	-5.1	-5.7	-5.8	-6.0	-6.4	-5.9	-5.1	-3.3	-3.8	-5.4	-6.5	-5.4	-6.6	-5.8	-6.1	-6.4	-6.1	-6.2	-5.0	-5.1	-6.0	-6.1	-6.0	-6.9	-5.9	-5.6	-6.3	-6.5	-5.9	-5.3	-5.2	-6.8	-5.1	-5.6	-6.4	-6.4	-6.1	-4.9	-3.8	-5.6	-5.4	-5.6	-6.7	-5.1	-3.4	-6.5	-6.6	-5.5	-5.7	-5.9	-5.8	-7.3	-7.2
5a7b_protein_Repair_67	-5.7	-4.6	-4.7	-5.6	-5.6	-6.0	-3.7	-5.8	-5.6	-5.7	-4.5	-5.7	-5.9	-5.6	-5.6	-3.3	-7.0	-6.9	-6.2	-5.4	-5.4	-4.9	-5.8	-5.6	-6.1	-6.0	-5.3	-5.5	-5.3	-5.1	-5.4	-5.4	-6.9	-5.6	-5.8	-6.7	-5.6	-6.2	-5.9	-6.0	-5.7	-5.7	-5.6	-5.8	-3.2	-6.2	-5.6	-5.6	-5.1	-6.3	-6.1	-5.9	-5.6	-5.7	-5.2	-5.5	-5.6	-6.8	-5.9	-5.9	-5.3	-5.2	-5.7	-6.4	-5.8	-5.4	-4.2	-3.2	-4.0	-5.6	-6.4	-5.2	-6.3	-5.5	-5.8	-5.7	-6.2	-6.3	-5.4	-4.9	-5.8	-5.6	-5.8	-7.0	-6.0	-5.6	-6.2	-6.5	-5.4	-4.7	-4.9	-6.8	-4.9	-4.8	-6.0	-5.6	-5.8	-5.1	-4.0	-5.1	-5.4	-5.3	-6.8	-5.1	-3.2	-6.1	-5.5	-5.6	-5.7	-5.8	-5.2	-7.8	-7.7
5a7b_protein_Repair_68	-5.8	-5.6	-5.3	-5.6	-6.3	-5.8	-3.9	-6.6	-5.9	-6.4	-5.2	-6.0	-6.7	-7.4	-6.1	-3.4	-6.2	-6.3	-7.1	-5.5	-5.9	-5.0	-6.2	-6.9	-6.9	-6.6	-5.6	-6.2	-5.6	-5.5	-6.1	-5.5	-6.4	-5.7	-5.6	-6.3	-6.0	-6.2	-6.2	-6.4	-6.1	-6.3	-5.9	-6.3	-3.4	-6.3	-5.9	-5.7	-5.9	-6.8	-6.5	-6.5	-5.7	-6.1	-5.8	-5.2	-6.4	-7.0	-5.9	-7.0	-5.5	-6.0	-5.9	-6.5	-6.1	-5.8	-5.8	-3.4	-3.8	-5.7	-6.4	-5.6	-7.1	-5.5	-6.0	-5.8	-6.7	-6.6	-5.2	-4.7	-6.1	-6.2	-6.3	-7.6	-6.3	-5.8	-6.2	-6.3	-5.7	-5.0	-5.2	-6.3	-5.5	-4.9	-7.1	-6.3	-6.4	-5.0	-3.8	-5.2	-5.4	-6.0	-6.2	-5.7	-3.5	-6.5	-6.0	-5.6	-5.8	-5.5	-5.8	-7.2	-7.1
5a7b_protein_Repair_69	-5.5	-4.5	-5.2	-5.1	-5.7	-5.6	-4.0	-6.1	-5.6	-5.2	-4.7	-5.4	-6.0	-7.3	-5.6	-3.4	-6.5	-6.2	-6.6	-5.2	-5.7	-5.3	-6.3	-5.2	-6.3	-6.4	-5.2	-5.9	-5.4	-5.5	-5.7	-5.1	-7.0	-6.0	-5.3	-6.0	-5.9	-6.1	-5.7	-6.0	-6.1	-5.8	-5.3	-6.2	-3.4	-5.9	-5.5	-5.4	-5.2	-6.4	-6.3	-5.3	-4.9	-5.6	-5.5	-5.2	-6.5	-6.8	-6.0	-6.3	-5.2	-5.5	-5.6	-6.0	-6.1	-5.8	-4.6	-3.4	-3.8	-5.5	-6.3	-5.4	-6.4	-5.1	-5.8	-5.7	-6.3	-5.8	-4.8	-5.2	-6.4	-5.8	-6.4	-6.8	-5.9	-5.6	-6.3	-6.2	-5.2	-5.1	-5.1	-6.2	-4.6	-4.8	-6.3	-5.9	-5.4	-4.8	-3.8	-5.0	-5.3	-5.5	-6.1	-5.1	-3.4	-6.2	-6.1	-5.5	-5.5	-6.0	-5.2	-6.9	-6.9
5a7b_protein_Repair_7	-6.1	-5.3	-5.0	-6.5	-6.9	-6.6	-4.1	-7.0	-6.4	-6.9	-5.7	-6.4	-6.9	-6.6	-6.0	-3.8	-6.3	-6.2	-6.4	-5.7	-6.1	-5.3	-6.1	-6.2	-6.5	-6.6	-5.5	-6.1	-5.7	-6.2	-6.3	-5.8	-6.9	-6.3	-6.1	-7.1	-6.2	-6.8	-6.7	-6.8	-6.2	-6.5	-6.5	-6.1	-3.8	-6.7	-6.5	-5.9	-5.7	-7.2	-7.3	-6.3	-5.6	-6.5	-5.7	-5.6	-6.3	-7.0	-6.6	-6.3	-5.4	-6.1	-6.3	-7.1	-6.8	-6.5	-6.6	-3.3	-4.3	-5.7	-6.6	-6.1	-8.2	-6.7	-6.7	-6.3	-6.8	-7.0	-6.1	-5.7	-6.7	-6.7	-6.3	-7.5	-6.7	-6.6	-6.3	-6.2	-6.0	-5.6	-5.5	-6.6	-6.2	-6.1	-7.0	-6.7	-6.6	-5.5	-4.3	-5.8	-5.9	-6.2	-6.5	-6.0	-3.8	-6.5	-6.5	-6.2	-6.1	-6.8	-6.0	-7.7	-8.0
5a7b_protein_Repair_70	-5.9	-4.7	-5.6	-5.6	-5.5	-5.8	-4.2	-5.9	-5.7	-5.7	-5.4	-5.8	-6.3	-7.2	-5.5	-3.5	-7.1	-7.0	-6.1	-5.0	-5.5	-5.7	-6.2	-5.9	-6.0	-6.4	-5.1	-5.7	-5.3	-5.5	-5.8	-5.5	-7.5	-6.0	-5.7	-6.2	-5.9	-6.0	-5.8	-6.2	-6.2	-6.0	-6.0	-6.2	-3.5	-6.3	-5.5	-5.7	-5.1	-6.7	-6.6	-5.8	-5.0	-5.5	-5.3	-5.3	-6.0	-7.1	-6.1	-6.3	-5.5	-5.8	-5.8	-5.9	-5.8	-6.4	-4.7	-3.5	-4.0	-5.5	-6.3	-5.3	-6.9	-5.2	-5.9	-5.5	-6.3	-6.0	-5.5	-5.3	-6.4	-6.0	-6.0	-7.1	-6.0	-5.6	-6.2	-5.9	-5.4	-5.3	-5.1	-7.2	-4.8	-5.2	-6.2	-5.7	-6.3	-4.7	-4.0	-5.1	-5.3	-5.4	-7.2	-5.6	-3.5	-6.1	-6.1	-6.0	-5.8	-5.6	-6.0	-6.9	-8.0
5a7b_protein_Repair_71	-6.0	-4.7	-5.0	-5.6	-6.2	-6.2	-4.1	-6.8	-6.3	-6.1	-5.1	-6.2	-6.3	-7.0	-5.4	-3.5	-6.4	-6.3	-6.0	-5.5	-5.6	-5.3	-6.2	-5.9	-6.3	-6.6	-5.3	-5.5	-5.7	-5.6	-6.0	-5.5	-6.3	-6.3	-6.2	-6.5	-5.9	-6.5	-6.5	-6.4	-5.8	-6.1	-6.0	-6.1	-3.5	-6.5	-5.5	-5.7	-5.4	-6.7	-5.9	-5.8	-5.2	-6.0	-5.6	-5.4	-6.2	-6.4	-5.9	-6.3	-5.4	-5.6	-6.3	-6.9	-6.3	-6.2	-4.7	-3.5	-3.9	-5.8	-6.9	-5.7	-7.9	-6.2	-6.1	-6.5	-6.5	-6.9	-5.5	-5.2	-5.7	-6.0	-6.2	-7.7	-6.1	-5.5	-6.7	-6.3	-5.5	-5.4	-5.2	-6.4	-5.0	-5.3	-6.7	-6.4	-6.6	-5.5	-3.9	-5.6	-5.5	-5.7	-6.4	-5.3	-3.4	-6.3	-6.0	-5.6	-6.3	-6.2	-5.7	-7.4	-7.0
5a7b_protein_Repair_72	-5.5	-4.8	-4.7	-6.1	-6.0	-6.3	-4.1	-6.3	-5.8	-5.7	-4.1	-5.7	-6.6	-7.3	-6.1	-3.3	-6.9	-6.8	-6.5	-5.2	-5.7	-5.5	-6.1	-6.0	-6.7	-6.9	-5.6	-6.3	-5.8	-6.0	-6.0	-5.4	-7.4	-6.3	-5.8	-6.4	-6.0	-5.8	-6.1	-6.4	-6.3	-5.9	-6.0	-6.2	-3.3	-6.4	-5.9	-5.7	-5.7	-6.9	-6.7	-5.8	-5.3	-6.5	-6.0	-5.7	-6.4	-7.0	-6.3	-6.5	-5.6	-5.5	-5.3	-6.2	-6.6	-6.3	-6.0	-3.3	-3.9	-5.7	-6.6	-5.5	-6.8	-5.8	-6.0	-6.1	-6.0	-5.6	-5.5	-5.5	-6.7	-5.6	-6.0	-6.9	-6.0	-5.9	-6.5	-6.4	-5.6	-5.0	-5.1	-7.3	-5.4	-5.5	-6.3	-6.3	-5.5	-5.3	-3.9	-5.6	-5.5	-6.0	-7.2	-5.3	-3.3	-6.5	-5.9	-4.9	-6.0	-6.3	-5.7	-7.1	-7.9
5a7b_protein_Repair_73	-5.3	-5.1	-4.8	-5.6	-5.8	-6.3	-4.1	-6.7	-6.1	-6.1	-5.0	-5.7	-6.4	-6.0	-5.9	-3.5	-6.6	-6.6	-6.6	-5.3	-5.5	-4.9	-6.0	-6.2	-6.6	-6.7	-5.5	-5.9	-5.6	-5.8	-6.0	-5.7	-6.3	-6.0	-5.9	-5.8	-6.2	-6.3	-6.4	-6.0	-6.1	-6.2	-6.0	-6.0	-3.5	-6.2	-5.8	-6.0	-5.6	-6.6	-6.1	-5.9	-5.3	-6.0	-5.3	-5.0	-6.2	-6.5	-6.0	-6.7	-5.2	-5.9	-5.8	-6.7	-5.7	-5.6	-4.9	-3.5	-3.8	-5.7	-6.4	-5.5	-6.7	-6.1	-6.2	-5.7	-6.1	-6.6	-5.0	-4.9	-6.3	-5.9	-6.0	-7.5	-6.1	-5.8	-6.6	-6.2	-5.6	-5.0	-4.7	-6.7	-5.5	-5.3	-6.4	-6.8	-6.1	-4.8	-3.8	-5.2	-5.4	-5.8	-6.7	-5.2	-3.5	-6.1	-6.4	-5.6	-5.4	-6.1	-5.3	-7.0	-7.1
5a7b_protein_Repair_74	-5.9	-4.7	-5.3	-5.5	-5.6	-6.1	-3.8	-6.3	-5.3	-6.2	-5.0	-6.0	-6.1	-5.7	-5.5	-3.3	-6.3	-6.3	-6.2	-5.4	-5.7	-5.3	-6.1	-5.9	-6.5	-6.2	-5.2	-5.5	-5.7	-5.5	-5.7	-5.4	-6.1	-6.2	-6.0	-6.6	-	-6.5	-6.7	-6.3	-5.9	-6.0	-5.8	-6.1	-3.5	-6.4	-5.5	-5.5	-5.2	-6.7	-6.1	-6.1	-5.4	-6.1	-5.4	-5.7	-6.0	-6.4	-6.1	-6.1	-5.5	-5.7	-6.1	-6.7	-6.2	-6.1	-4.9	-3.5	-3.9	-5.8	-6.6	-5.5	-6.4	-6.0	-6.0	-6.4	-6.3	-6.9	-5.3	-5.3	-6.3	-6.0	-6.1	-7.6	-6.3	-5.5	-6.1	-6.5	-5.7	-5.4	-5.1	-6.5	-5.5	-5.0	-6.7	-6.1	-6.5	-5.6	-3.9	-5.7	-5.6	-5.5	-6.6	-5.2	-3.5	-6.4	-6.5	-5.3	-6.0	-6.4	-5.2	-7.0	-6.7
5a7b_protein_Repair_75	-5.8	-5.0	-4.9	-6.8	-6.1	-	-4.0	-6.5	-5.5	-5.7	-5.5	-6.0	-6.4	-0.0	-5.6	-3.4	-6.2	-6.0	-7.1	-5.5	-5.5	-5.5	-5.8	-6.3	-6.6	-6.4	-5.4	-5.7	-5.9	-6.2	-5.8	-5.5	-6.1	-6.4	-6.1	-6.6	-6.2	-6.2	-6.7	-6.6	-6.2	-6.4	-6.1	-5.8	-3.3	-6.5	-5.5	-5.9	-5.3	-6.6	-7.0	-5.8	-5.6	-6.4	-5.9	-5.4	-6.5	-6.2	-6.1	-6.6	-5.5	-5.8	-6.6	-6.9	-6.4	-6.6	-5.6	-3.4	-3.8	-5.6	-6.6	-5.7	-7.6	-5.9	-6.1	-6.0	-6.8	-6.9	-5.1	-5.5	-6.4	-6.4	-6.2	-7.6	-6.3	-5.6	-5.8	-6.3	-5.4	-5.3	-5.2	-6.3	-5.1	-5.4	-6.5	-6.3	-6.5	-5.2	-3.8	-5.9	-5.6	-5.6	-6.2	-5.6	-3.4	-6.3	-6.2	-5.8	-5.9	-6.0	-5.7	-7.1	-6.7
5a7b_protein_Repair_76	-5.8	-4.9	-5.4	-5.9	-6.2	-6.3	-4.1	-6.7	-5.7	-5.5	-5.3	-6.0	-6.6	-7.2	-5.8	-3.3	-6.5	-6.4	-6.4	-5.6	-5.4	-5.1	-6.3	-5.9	-6.2	-7.0	-5.4	-6.0	-5.4	-5.1	-5.8	-5.8	-6.6	-6.1	-6.1	-6.3	-6.4	-7.0	-6.3	-6.2	-6.4	-6.1	-6.7	-6.2	-3.3	-6.2	-6.1	-5.6	-5.6	-6.7	-6.5	-6.1	-5.2	-6.0	-5.4	-5.1	-6.4	-6.4	-6.0	-6.2	-5.2	-5.7	-5.6	-6.4	-6.5	-6.2	-5.5	-3.3	-3.7	-5.4	-6.5	-5.6	-7.2	-6.4	-6.1	-5.9	-6.1	-6.6	-5.1	-5.6	-6.4	-5.8	-6.3	-7.2	-6.2	-6.1	-6.4	-6.3	-5.5	-5.0	-5.0	-6.6	-5.4	-4.8	-6.6	-6.5	-6.6	-5.0	-3.7	-5.1	-5.6	-5.5	-6.6	-5.1	-3.3	-6.2	-6.1	-5.5	-6.0	-6.3	-5.4	-7.6	-7.5
5a7b_protein_Repair_77	-6.1	-5.0	-4.7	-5.7	-5.7	-6.0	-3.8	-6.3	-5.6	-5.8	-5.3	-6.0	-6.7	-5.9	-5.5	-3.4	-6.6	-6.1	-6.6	-5.3	-5.5	-5.2	-5.8	-6.2	-6.6	-6.3	-5.4	-5.8	-6.1	-6.2	-5.9	-5.5	-6.4	-6.4	-6.2	-6.6	-6.2	-6.7	-6.5	-6.5	-6.2	-6.2	-5.9	-5.7	-3.4	-6.3	-5.6	-5.9	-5.9	-6.5	-6.7	-6.1	-5.5	-6.3	-5.5	-5.7	-6.4	-6.1	-6.3	-6.6	-5.6	-5.6	-6.0	-6.8	-6.3	-6.4	-5.6	-3.4	-3.8	-6.1	-6.6	-5.6	-7.4	-6.2	-6.1	-5.8	-6.5	-6.9	-5.6	-5.4	-6.2	-6.2	-6.1	-7.4	-6.4	-5.6	-6.4	-6.5	-5.9	-5.6	-5.2	-6.8	-5.5	-5.5	-6.4	-6.7	-6.6	-5.3	-3.8	-5.8	-5.7	-5.8	-6.4	-5.7	-3.4	-6.2	-6.0	-5.4	-6.0	-6.5	-5.8	-7.1	-7.0
5a7b_protein_Repair_78	-6.0	-4.9	-5.5	-5.6	-5.7	-6.1	-3.9	-6.4	-5.4	-5.5	-6.0	-6.1	-6.3	-6.1	-5.5	-3.5	-6.2	-6.3	-6.6	-5.3	-5.8	-5.4	-5.8	-6.2	-6.4	-6.4	-5.3	-5.9	-5.7	-5.6	-5.7	-5.5	-6.4	-6.5	-5.7	-6.7	-5.8	-6.3	-6.6	-6.4	-5.7	-6.1	-5.5	-5.7	-3.5	-6.4	-5.7	-5.6	-5.4	-6.8	-6.5	-6.3	-5.3	-6.1	-5.8	-5.5	-5.8	-6.4	-6.0	-6.6	-5.5	-5.7	-6.3	-6.9	-6.1	-6.2	-4.8	-3.4	-3.8	-5.6	-6.6	-5.6	-7.4	-6.3	-6.5	-6.5	-6.6	-6.7	-5.4	-5.4	-6.2	-6.2	-6.1	-7.4	-6.2	-5.6	-6.1	-6.3	-5.8	-5.2	-5.4	-6.5	-5.5	-5.1	-6.8	-6.8	-6.3	-4.9	-3.8	-5.2	-5.7	-5.6	-6.6	-5.4	-3.5	-6.5	-6.0	-5.5	-6.0	-5.5	-5.4	-7.1	-6.9
5a7b_protein_Repair_79	-5.8	-5.1	-5.4	-6.3	-6.1	-6.3	-3.8	-6.9	-6.2	-6.1	-6.1	-6.4	-7.0	-6.9	-5.9	-3.3	-6.1	-6.2	-6.4	-5.7	-5.7	-5.3	-6.1	-6.1	-7.1	-7.1	-5.5	-6.0	-5.8	-6.1	-6.0	-5.7	-6.4	-6.4	-6.0	-7.3	-6.1	-6.4	-6.8	-6.7	-6.2	-6.0	-6.5	-6.1	-3.3	-6.5	-6.2	-5.8	-5.5	-6.8	-7.2	-6.2	-5.5	-6.1	-5.9	-5.6	-6.3	-6.8	-6.6	-6.4	-5.3	-6.1	-6.6	-7.0	-6.8	-6.3	-6.9	-3.3	-3.9	-5.8	-6.5	-5.7	-8.0	-6.3	-6.6	-6.2	-6.6	-6.7	-5.6	-5.6	-6.3	-6.6	-6.2	-7.3	-6.6	-6.3	-6.0	-6.6	-5.9	-5.6	-5.3	-6.5	-5.4	-5.7	-6.9	-6.1	-6.6	-5.6	-3.9	-5.6	-6.0	-6.3	-6.5	-5.8	-3.3	-6.4	-6.7	-5.6	-6.2	-6.4	-5.9	-7.5	-7.3
5a7b_protein_Repair_8	-5.9	-5.1	-5.0	-6.9	-6.8	-6.2	-3.8	-7.1	-6.8	-6.8	-5.1	-6.7	-7.0	-7.2	-5.9	-3.3	-6.4	-6.3	-6.6	-5.2	-6.1	-5.3	-6.3	-5.9	-6.4	-7.3	-5.5	-5.9	-5.8	-5.9	-5.9	-5.9	-6.4	-6.5	-6.2	-6.4	-6.2	-6.3	-6.6	-6.8	-6.0	-6.1	-5.6	-6.3	-3.2	-6.5	-6.3	-6.0	-5.6	-7.2	-7.2	-6.1	-5.9	-6.1	-5.9	-5.6	-6.3	-6.8	-6.5	-6.5	-5.4	-6.1	-6.7	-7.2	-6.6	-6.2	-5.9	-3.3	-3.7	-5.9	-6.7	-5.7	-7.3	-6.3	-6.8	-6.5	-6.3	-6.8	-6.0	-5.6	-6.6	-6.7	-6.2	-7.3	-6.6	-6.4	-6.6	-6.4	-6.0	-5.5	-5.2	-6.7	-5.4	-6.0	-6.8	-6.6	-6.1	-5.8	-3.7	-6.2	-5.8	-6.2	-6.4	-5.9	-3.3	-6.3	-6.7	-5.7	-6.2	-6.2	-6.0	-7.2	-7.5
5a7b_protein_Repair_80	-5.8	-5.1	-5.0	-5.6	-5.9	-5.7	-3.8	-6.5	-5.9	-6.3	-4.9	-6.0	-6.4	-5.9	-5.4	-3.3	-6.4	-6.0	-5.7	-5.4	-5.6	-5.3	-6.1	-6.1	-6.4	-6.3	-5.4	-5.6	-5.7	-5.7	-5.5	-5.2	-6.2	-6.1	-6.0	-6.8	-5.7	-6.6	-6.6	-6.4	-5.5	-6.1	-6.0	-6.0	-3.4	-6.4	-5.6	-5.1	-5.2	-6.6	-6.7	-5.4	-5.3	-6.1	-5.8	-5.2	-6.4	-6.6	-5.9	-6.4	-5.4	-5.8	-5.6	-6.7	-6.4	-6.4	-5.4	-3.4	-3.9	-6.0	-6.6	-5.6	-7.6	-6.0	-6.0	-5.9	-6.3	-6.2	-5.0	-5.3	-6.4	-6.2	-6.1	-7.5	-6.2	-5.5	-6.0	-6.4	-5.1	-5.3	-5.0	-6.5	-5.3	-5.4	-6.6	-6.2	-6.5	-4.9	-3.9	-5.2	-5.7	-5.5	-6.3	-5.3	-3.4	-6.4	-6.6	-5.7	-5.9	-6.1	-5.6	-6.8	-6.4
5a7b_protein_Repair_81	-6.1	-4.8	-5.0	-5.7	-6.2	-6.2	-4.0	-6.9	-6.0	-5.7	-5.6	-6.1	-6.1	-6.3	-5.4	-3.4	-6.1	-6.1	-5.9	-5.3	-5.6	-5.3	-6.2	-6.1	-6.4	-6.4	-5.3	-5.8	-5.9	-5.7	-5.7	-5.5	-6.2	-6.2	-6.0	-6.9	-5.7	-6.4	-6.7	-6.5	-6.0	-6.2	-5.8	-6.1	-3.4	-6.4	-5.6	-5.4	-5.4	-6.6	-6.6	-6.2	-5.2	-6.2	-5.7	-5.3	-6.2	-6.3	-6.0	-6.4	-5.3	-5.6	-6.2	-6.8	-6.7	-6.5	-5.3	-3.4	-3.9	-5.6	-6.7	-5.6	-8.0	-6.1	-6.2	-6.3	-6.5	-7.0	-5.1	-5.3	-5.8	-6.2	-6.2	-7.7	-6.3	-5.6	-6.3	-6.5	-5.4	-5.3	-5.3	-6.3	-5.6	-5.2	-6.5	-6.2	-6.3	-5.0	-3.9	-5.5	-5.6	-5.5	-6.4	-5.2	-3.4	-6.2	-5.9	-5.6	-6.1	-6.1	-5.6	-7.0	-7.2
5a7b_protein_Repair_82	-5.9	-5.1	-5.0	-5.8	-5.7	-6.0	-3.7	-6.6	-5.9	-6.0	-5.5	-6.0	-6.4	-6.2	-5.6	-3.4	-6.3	-6.2	-6.1	-5.1	-5.5	-5.4	-5.9	-6.3	-6.1	-6.3	-5.6	-5.5	-5.6	-5.6	-5.8	-5.3	-6.2	-6.2	-5.8	-6.6	-6.2	-6.6	-6.5	-6.1	-6.4	-5.8	-6.1	-5.8	-3.4	-6.3	-5.7	-5.3	-5.4	-6.6	-6.3	-6.1	-5.4	-5.8	-5.8	-5.5	-6.2	-6.4	-6.0	-6.3	-5.2	-6.1	-6.3	-6.7	-6.3	-6.1	-5.8	-3.4	-3.8	-5.8	-6.3	-5.8	-7.5	-6.1	-6.5	-6.2	-6.2	-6.8	-5.2	-5.6	-6.5	-6.0	-6.0	-7.2	-6.5	-5.8	-5.9	-6.2	-5.7	-5.3	-5.1	-6.8	-5.0	-5.1	-6.2	-6.0	-6.5	-5.5	-3.8	-5.2	-5.5	-5.8	-6.7	-5.8	-3.4	-6.4	-6.9	-5.4	-6.2	-5.9	-5.7	-7.1	-6.6
5a7b_protein_Repair_83	-5.9	-4.8	-4.9	-6.0	-6.4	-6.2	-4.1	-6.1	-6.4	-5.7	-5.7	-6.0	-6.2	-6.9	-5.7	-3.4	-6.2	-6.3	-5.9	-6.0	-6.0	-5.2	-6.1	-6.3	-6.9	-6.4	-5.5	-5.9	-5.6	-6.1	-6.2	-5.8	-6.1	-6.2	-6.0	-7.1	-5.9	-6.7	-6.3	-6.6	-6.3	-6.3	-6.0	-6.1	-3.5	-6.2	-6.1	-5.3	-5.5	-6.6	-7.0	-6.0	-5.6	-6.3	-5.8	-5.4	-6.8	-6.7	-6.1	-6.5	-5.5	-5.8	-6.4	-6.6	-6.6	-6.5	-6.8	-3.4	-3.9	-5.8	-6.5	-5.7	-7.6	-6.0	-6.6	-6.2	-6.6	-6.3	-5.6	-5.5	-6.2	-6.2	-6.3	-7.7	-6.3	-6.2	-6.5	-6.3	-5.7	-5.3	-5.1	-6.5	-5.3	-5.3	-6.9	-6.3	-6.6	-5.7	-3.9	-5.6	-5.7	-5.7	-6.6	-5.2	-3.4	-6.3	-6.6	-6.3	-6.2	-6.4	-5.8	-7.0	-7.1
5a7b_protein_Repair_84	-6.0	-4.9	-5.2	-5.6	-5.7	-6.6	-4.1	-6.6	-5.7	-5.8	-5.7	-5.6	-6.5	-6.4	-5.8	-3.3	-6.9	-6.7	-6.0	-5.2	-5.6	-5.4	-6.0	-5.6	-6.0	-6.6	-5.0	-6.1	-5.7	-5.6	-6.2	-5.6	-6.3	-6.2	-6.0	-6.5	-5.9	-6.7	-6.3	-6.3	-6.0	-6.2	-5.6	-6.0	-3.3	-6.4	-6.2	-5.6	-5.5	-6.7	-6.9	-5.5	-5.4	-6.2	-5.7	-5.4	-6.3	-6.9	-6.2	-6.4	-5.3	-5.9	-6.0	-6.5	-6.5	-6.5	-3.8	-3.3	-3.9	-5.7	-6.4	-5.6	-7.1	-6.2	-6.5	-6.2	-6.6	-6.3	-5.2	-5.1	-6.1	-6.7	-6.4	-7.5	-6.3	-6.0	-5.7	-6.3	-5.6	-5.6	-5.1	-7.0	-5.4	-5.6	-6.4	-6.5	-6.6	-5.4	-3.9	-5.4	-5.4	-5.5	-6.8	-5.3	-3.4	-6.4	-6.4	-5.6	-5.9	-5.8	-5.8	-6.8	-7.1
5a7b_protein_Repair_85	-5.6	-4.5	-5.3	-5.8	-5.6	-5.5	-3.8	-6.4	-5.8	-5.8	-5.1	-6.1	-5.7	-5.9	-5.6	-3.1	-6.8	-6.4	-6.1	-4.9	-5.5	-5.2	-6.0	-5.6	-5.8	-6.4	-5.0	-5.5	-5.2	-5.0	-5.9	-5.3	-6.5	-6.0	-5.8	-6.8	-5.7	-6.2	-6.3	-6.1	-5.7	-5.6	-6.2	-5.4	-3.1	-6.1	-5.7	-5.4	-5.0	-6.3	-6.4	-5.7	-5.1	-5.8	-5.3	-5.1	-6.0	-6.6	-5.6	-6.1	-5.2	-5.5	-5.7	-6.0	-5.9	-5.6	-5.1	-3.1	-3.8	-5.4	-6.0	-6.0	-6.4	-6.1	-6.0	-5.6	-5.5	-5.9	-4.6	-4.9	-5.8	-5.8	-6.0	-7.1	-6.1	-5.6	-5.7	-6.0	-5.5	-5.1	-4.9	-6.7	-5.2	-5.0	-6.5	-6.2	-5.2	-4.6	-3.8	-5.2	-5.2	-5.2	-6.4	-4.9	-3.1	-6.0	-6.2	-5.4	-5.9	-5.7	-5.5	-7.1	-6.9
5a7b_protein_Repair_86	-	-4.8	-5.3	-5.6	-	-	-4.2	-6.6	-5.4	-5.7	-	-6.1	-6.6	-6.4	-5.8	-3.4	-6.4	-6.2	-6.5	-	-5.7	-5.0	-6.1	-5.7	-6.2	-6.8	-5.1	-6.1	-5.7	-5.6	-6.4	-5.5	-6.6	-6.2	-6.2	-6.6	-	-6.4	-6.5	-6.3	-5.9	-6.3	-5.8	-5.9	-3.4	-6.5	-6.0	-5.5	-5.6	-6.7	-7.0	-5.8	-5.3	-6.3	-5.8	-5.5	-6.2	-6.6	-6.2	-6.6	-5.3	-5.9	-6.0	-6.3	-6.8	-6.0	-6.5	-3.4	-3.8	-5.7	-6.3	-5.8	-7.6	-5.9	-	-6.1	-6.5	-5.9	-5.4	-5.3	-	-6.8	-	-7.5	-5.7	-5.9	-5.6	-6.3	-5.8	-5.2	-5.2	-6.7	-5.5	-5.2	-6.3	-6.1	-6.0	-5.0	-3.9	-4.9	-5.4	-5.7	-6.7	-5.2	-3.4	-6.4	-6.3	-5.8	-6.0	-6.1	-	-6.9	-7.2
5a7b_protein_Repair_87	-5.5	-4.8	-5.6	-5.1	-5.5	-5.6	-3.8	-6.4	-5.5	-5.6	-5.0	-5.7	-6.1	-5.6	-5.5	-3.4	-6.4	-6.3	-6.2	-4.8	-5.1	-5.2	-5.9	-5.3	-5.8	-6.4	-5.0	-5.8	-5.5	-5.4	-5.5	-5.4	-6.5	-5.8	-5.5	-6.7	-5.6	-6.1	-6.2	-6.4	-5.7	-6.1	-5.8	-5.4	-3.4	-6.2	-5.8	-5.4	-5.3	-6.1	-5.8	-5.7	-5.1	-6.1	-5.6	-5.3	-5.9	-6.4	-6.0	-5.8	-5.3	-5.3	-5.7	-6.4	-6.3	-6.3	-5.3	-3.4	-3.9	-5.3	-6.0	-5.3	-7.3	-5.9	-5.8	-5.8	-6.5	-6.5	-4.6	-4.8	-5.4	-5.8	-5.8	-7.3	-5.9	-5.8	-5.9	-6.3	-5.0	-4.9	-4.7	-6.5	-5.0	-5.0	-6.5	-6.0	-6.3	-4.7	-3.9	-5.1	-5.2	-5.8	-6.5	-5.0	-3.4	-6.0	-5.9	-5.2	-5.4	-5.8	-5.2	-6.8	-6.7
5a7b_protein_Repair_88	-5.6	-4.6	-5.2	-6.0	-5.8	-6.7	-4.0	-6.5	-5.9	-6.1	-5.2	-5.7	-6.3	-6.3	-5.9	-3.3	-6.5	-6.2	-6.3	-5.0	-5.4	-4.9	-5.8	-5.6	-6.1	-6.8	-5.1	-6.2	-5.3	-5.3	-6.1	-5.9	-6.6	-5.9	-5.8	-6.0	-5.9	-6.1	-6.0	-6.2	-5.8	-5.8	-5.5	-6.4	-3.3	-6.3	-6.2	-5.3	-5.3	-6.5	-6.3	-5.6	-5.2	-5.8	-5.3	-5.1	-6.4	-6.3	-6.1	-6.1	-5.1	-5.7	-5.6	-6.3	-6.3	-5.9	-5.7	-3.3	-3.9	-5.5	-6.0	-5.7	-6.9	-5.7	-6.0	-6.0	-6.6	-6.2	-5.3	-5.2	-5.9	-6.2	-6.1	-7.4	-5.8	-6.3	-6.5	-6.2	-5.4	-5.6	-4.8	-6.7	-5.0	-5.2	-6.3	-6.0	-6.1	-5.0	-3.9	-5.1	-5.3	-5.4	-6.5	-5.1	-3.3	-6.1	-5.9	-5.8	-5.8	-6.3	-5.8	-7.1	-7.2
5a7b_protein_Repair_89	-6.1	-4.9	-5.1	-5.8	-5.8	-5.9	-4.1	-6.0	-5.4	-5.4	-4.6	-5.9	-6.3	-6.2	-5.7	-3.6	-6.3	-6.2	-6.0	-5.2	-5.4	-5.1	-6.0	-5.7	-6.2	-6.3	-5.1	-6.0	-5.3	-5.1	-5.8	-5.6	-6.3	-6.5	-5.6	-6.8	-5.8	-5.8	-6.7	-5.8	-6.0	-5.9	-5.5	-5.7	-3.6	-6.2	-5.8	-5.5	-5.5	-6.7	-6.6	-6.3	-5.3	-5.9	-5.8	-5.4	-6.1	-6.4	-6.0	-6.1	-5.1	-5.5	-5.7	-6.4	-6.5	-6.1	-4.7	-3.6	-3.9	-5.4	-6.3	-5.7	-6.5	-5.4	-5.8	-5.9	-6.0	-6.3	-4.8	-5.2	-5.7	-6.1	-6.2	-7.1	-5.9	-5.9	-6.2	-5.9	-5.7	-5.1	-5.1	-6.5	-5.0	-5.0	-6.3	-6.1	-5.9	-4.8	-3.9	-5.1	-5.2	-5.4	-6.6	-5.4	-3.6	-6.0	-6.2	-6.0	-6.1	-5.7	-5.5	-7.1	-6.7
5a7b_protein_Repair_9	-5.9	-5.0	-5.1	-6.1	-6.2	-6.4	-4.1	-6.4	-5.7	-6.2	-5.0	-6.3	-6.2	-6.4	-5.3	-3.4	-6.4	-6.2	-6.2	-5.4	-5.6	-5.1	-6.3	-5.6	-6.3	-6.4	-5.1	-5.6	-5.5	-5.7	-5.7	-5.5	-6.1	-6.2	-5.9	-6.9	-5.6	-6.7	-6.7	-6.5	-5.9	-6.2	-5.8	-6.2	-3.4	-6.5	-5.7	-5.5	-5.3	-6.6	-6.7	-5.9	-5.2	-6.1	-5.8	-5.2	-6.2	-6.4	-5.9	-6.2	-5.1	-5.5	-6.0	-6.9	-6.7	-6.4	-4.6	-3.3	-3.9	-5.5	-6.7	-5.7	-7.9	-6.0	-6.1	-6.3	-6.5	-6.8	-4.6	-5.1	-5.7	-6.0	-6.2	-7.7	-5.8	-5.8	-6.3	-6.3	-5.4	-5.1	-5.0	-6.4	-5.0	-5.4	-6.6	-6.2	-6.4	-5.5	-3.8	-5.2	-5.6	-5.4	-6.5	-5.1	-3.4	-6.3	-6.0	-5.7	-6.2	-6.2	-5.6	-6.9	-7.2
5a7b_protein_Repair_90	-5.7	-4.9	-4.9	-5.7	-5.8	-6.0	-3.8	-6.1	-5.7	-5.5	-4.5	-5.6	-6.3	-7.0	-5.1	-3.3	-6.0	-6.0	-6.0	-5.2	-5.3	-5.1	-5.4	-5.8	-6.3	-6.2	-5.5	-5.6	-5.3	-5.7	-5.9	-5.5	-6.1	-6.0	-5.7	-5.8	-6.4	-6.3	-6.3	-6.0	-5.5	-5.5	-5.3	-5.4	-3.2	-6.3	-5.5	-5.9	-5.4	-6.4	-6.1	-5.9	-5.2	-5.5	-5.2	-5.3	-5.8	-6.2	-6.0	-5.7	-4.8	-6.1	-5.6	-6.1	-5.5	-5.9	-4.4	-3.3	-3.9	-5.4	-6.5	-5.6	-6.4	-5.8	-5.7	-5.7	-6.0	-6.6	-4.4	-5.6	-6.0	-5.5	-5.9	-7.3	-5.9	-5.6	-6.2	-6.1	-5.2	-4.6	-5.0	-6.2	-4.9	-5.0	-6.0	-6.5	-6.3	-4.7	-3.9	-5.7	-5.5	-5.6	-6.1	-5.4	-3.2	-5.9	-5.7	-5.2	-5.6	-5.8	-4.9	-6.5	-6.7
5a7b_protein_Repair_91	-6.0	-5.1	-4.8	-5.9	-6.3	-5.9	-3.9	-6.4	-5.9	-5.4	-4.6	-6.1	-6.2	-6.5	-5.3	-3.3	-6.3	-5.9	-6.2	-5.3	-5.5	-5.6	-6.0	-6.2	-6.4	-6.3	-5.1	-5.7	-5.6	-5.9	-5.8	-5.5	-6.1	-6.3	-5.9	-6.8	-5.8	-6.8	-6.7	-6.4	-6.2	-6.1	-6.1	-5.9	-3.2	-6.4	-5.5	-5.6	-5.2	-6.4	-6.8	-6.1	-5.2	-6.1	-5.7	-5.1	-6.5	-6.2	-5.9	-6.6	-5.3	-5.7	-6.2	-6.8	-6.6	-6.1	-5.4	-3.3	-3.8	-6.0	-6.5	-5.6	-6.5	-6.1	-5.9	-5.7	-6.0	-6.7	-5.4	-5.3	-6.5	-6.2	-6.0	-7.5	-6.0	-5.5	-6.2	-6.4	-5.6	-5.1	-5.0	-6.5	-5.2	-5.2	-6.7	-7.0	-6.5	-5.2	-3.8	-5.3	-5.6	-5.4	-6.3	-5.5	-3.3	-6.3	-6.9	-5.3	-5.8	-6.1	-5.3	-6.8	-6.6
5a7b_protein_Repair_92	-6.0	-4.8	-5.2	-6.1	-5.7	-6.2	-4.1	-6.3	-5.9	-6.1	-5.3	-6.1	-6.2	-6.5	-5.7	-3.4	-6.3	-6.2	-5.8	-5.2	-6.0	-5.0	-6.4	-5.6	-6.3	-6.3	-5.1	-6.1	-5.5	-5.9	-6.0	-5.6	-6.1	-6.0	-6.2	-6.8	-6.2	-6.4	-6.2	-6.6	-6.1	-6.1	-5.8	-5.8	-3.4	-6.4	-6.1	-5.4	-5.3	-6.4	-7.2	-5.4	-5.2	-6.1	-5.6	-5.3	-6.4	-6.5	-6.1	-6.1	-5.1	-5.9	-6.2	-6.6	-6.7	-6.4	-4.5	-3.4	-3.9	-5.8	-6.7	-5.8	-7.8	-5.7	-6.1	-5.9	-6.4	-6.4	-5.6	-5.3	-6.1	-6.4	-6.2	-7.6	-6.2	-6.0	-5.8	-6.2	-5.6	-5.1	-5.0	-6.9	-5.4	-5.4	-6.7	-6.3	-6.3	-5.1	-3.9	-5.1	-5.5	-5.6	-6.8	-5.7	-3.4	-6.4	-6.8	-5.5	-6.2	-6.1	-5.8	-6.8	-7.1
5a7b_protein_Repair_93	-5.3	-4.9	-5.3	-5.9	-5.6	-5.8	-4.0	-6.2	-5.8	-5.7	-5.1	-6.0	-6.2	-6.6	-5.8	-3.4	-5.9	-5.9	-6.0	-5.2	-5.4	-4.9	-6.1	-6.0	-6.3	-6.5	-5.6	-5.9	-5.2	-5.6	-6.1	-5.5	-6.4	-6.0	-6.0	-6.2	-6.1	-5.9	-6.7	-5.9	-5.8	-5.7	-5.5	-6.0	-3.4	-5.9	-5.9	-6.1	-5.5	-6.5	-5.9	-5.7	-5.1	-5.6	-5.4	-4.9	-6.5	-5.9	-5.9	-6.2	-5.0	-6.1	-6.1	-6.3	-6.0	-6.0	-4.1	-3.4	-3.8	-5.5	-6.5	-5.3	-7.3	-5.3	-5.9	-5.6	-5.9	-6.5	-5.5	-5.2	-5.9	-5.8	-5.8	-7.2	-5.7	-5.8	-6.6	-6.1	-5.3	-4.6	-4.8	-6.3	-4.8	-4.9	-6.3	-5.8	-5.6	-5.0	-3.8	-5.2	-4.8	-5.9	-6.4	-4.9	-3.4	-6.1	-5.8	-5.3	-5.9	-5.3	-5.0	-6.6	-6.2
5a7b_protein_Repair_94	-6.1	-5.3	-5.0	-6.1	-6.2	-6.1	-3.8	-6.4	-5.6	-6.1	-5.4	-5.9	-6.4	-6.2	-5.2	-3.4	-6.4	-6.0	-6.1	-5.2	-5.7	-5.3	-6.0	-6.2	-6.6	-6.8	-5.5	-5.6	-5.5	-6.1	-5.9	-5.4	-6.9	-6.0	-6.0	-6.9	-6.0	-6.7	-6.7	-6.6	-6.1	-6.0	-6.0	-5.9	-3.4	-6.5	-5.7	-5.8	-5.3	-6.8	-6.9	-5.6	-5.4	-6.0	-6.0	-5.8	-6.1	-6.6	-6.0	-6.3	-5.5	-5.9	-6.4	-6.8	-6.8	-6.2	-5.1	-3.5	-3.8	-6.0	-6.6	-5.8	-6.5	-5.9	-6.1	-5.6	-7.0	-6.8	-5.8	-5.4	-6.7	-6.1	-6.0	-7.4	-6.4	-5.7	-5.8	-6.3	-5.8	-5.2	-5.3	-6.5	-5.2	-5.5	-6.4	-6.6	-6.3	-5.0	-3.8	-5.8	-5.5	-5.8	-6.5	-6.2	-3.4	-6.7	-7.3	-5.2	-6.1	-5.7	-6.3	-7.0	-7.1
5a7b_protein_Repair_95	-5.6	-5.3	-5.5	-5.9	-5.7	-7.1	-3.8	-6.4	-5.8	-6.0	-5.7	-6.1	-6.8	-6.2	-5.5	-3.2	-6.8	-6.6	-6.4	-5.9	-5.9	-5.3	-6.0	-6.4	-7.0	-6.7	-5.5	-5.8	-5.1	-6.1	-5.9	-5.4	-6.0	-6.2	-6.9	-6.8	-5.9	-6.7	-6.6	-6.5	-6.0	-6.0	-5.7	-6.0	-3.2	-6.2	-5.9	-6.0	-5.4	-6.7	-7.1	-5.7	-5.4	-6.0	-5.6	-5.5	-6.4	-6.7	-5.9	-6.5	-5.3	-6.6	-6.6	-6.7	-6.6	-6.2	-6.1	-3.2	-3.8	-5.9	-6.4	-5.5	-7.6	-6.2	-6.6	-6.2	-6.3	-6.0	-5.7	-5.3	-6.3	-6.0	-6.1	-7.2	-6.4	-5.8	-6.1	-6.3	-5.3	-5.0	-5.2	-6.9	-5.2	-5.5	-6.8	-6.7	-6.0	-5.6	-3.8	-5.9	-5.6	-5.8	-6.8	-6.0	-3.2	-6.2	-7.3	-5.7	-6.0	-6.2	-5.9	-7.2	-6.9
5a7b_protein_Repair_96	-5.2	-4.5	-5.1	-5.1	-5.4	-5.3	-4.2	-5.9	-5.2	-5.2	-4.2	-5.9	-6.0	-6.7	-5.4	-3.3	-6.6	-6.1	-5.6	-4.9	-5.2	-4.6	-5.4	-5.2	-5.6	-6.1	-5.1	-5.6	-4.9	-4.9	-5.5	-5.0	-6.0	-5.7	-5.4	-6.1	-5.6	-5.6	-5.9	-5.5	-5.7	-5.4	-5.0	-5.4	-3.3	-6.0	-5.4	-5.6	-5.3	-6.5	-5.9	-5.7	-5.0	-5.2	-5.7	-5.0	-5.6	-6.4	-5.8	-5.8	-5.2	-5.5	-4.9	-6.0	-5.7	-5.5	-3.9	-3.3	-3.8	-5.5	-5.8	-5.5	-7.2	-5.1	-5.5	-5.5	-5.9	-5.7	-4.4	-4.8	-5.8	-5.6	-5.8	-7.3	-5.6	-5.5	-5.7	-6.2	-5.2	-4.6	-4.6	-6.4	-5.2	-5.0	-6.3	-5.3	-5.8	-4.4	-3.8	-5.0	-4.8	-5.6	-6.3	-5.0	-3.3	-6.0	-5.7	-5.4	-5.4	-5.2	-5.3	-6.7	-6.8
5a7b_protein_Repair_97	-5.8	-4.5	-5.0	-5.7	-5.9	-5.8	-3.9	-6.7	-5.5	-5.9	-3.7	-5.9	-6.6	-6.8	-5.5	-3.3	-6.5	-6.4	-6.3	-5.3	-5.8	-5.6	-5.9	-6.2	-6.2	-6.4	-5.5	-5.8	-5.9	-5.3	-5.9	-5.5	-6.3	-6.4	-6.1	-6.1	-5.8	-6.3	-6.8	-6.2	-6.1	-6.1	-5.7	-5.8	-3.3	-6.5	-5.7	-5.5	-5.8	-6.5	-6.6	-5.6	-5.5	-6.3	-5.2	-5.5	-5.8	-6.5	-6.1	-6.5	-5.0	-6.0	-6.4	-7.0	-5.9	-5.6	-4.7	-3.3	-3.9	-5.7	-6.2	-5.7	-7.3	-6.2	-6.2	-6.0	-5.4	-6.9	-5.7	-5.5	-5.9	-6.2	-6.1	-7.2	-6.4	-5.9	-5.7	-6.2	-5.7	-5.3	-5.2	-6.5	-5.0	-5.6	-6.6	-6.7	-6.6	-5.6	-3.9	-5.5	-5.5	-5.5	-6.6	-5.0	-3.4	-6.5	-5.9	-5.7	-5.8	-6.3	-6.0	-6.9	-6.8
5a7b_protein_Repair_98	-5.3	-4.5	-5.3	-5.4	-5.2	-5.7	-3.8	-5.8	-5.4	-5.4	-4.6	-5.7	-6.1	-6.5	-5.2	-3.4	-6.5	-6.3	-5.5	-4.8	-5.3	-4.9	-5.4	-5.6	-6.0	-6.1	-4.9	-5.6	-5.4	-5.0	-5.5	-5.0	-6.2	-5.6	-5.4	-5.9	-6.2	-5.7	-6.1	-5.4	-5.1	-5.7	-5.0	-5.4	-3.2	-6.2	-5.7	-5.5	-5.2	-6.2	-5.8	-5.7	-4.7	-5.4	-5.1	-5.1	-5.7	-6.4	-6.0	-5.9	-4.9	-5.5	-5.3	-6.1	-5.5	-5.5	-4.4	-3.4	-3.9	-5.2	-6.0	-5.2	-7.2	-5.3	-5.9	-5.6	-6.1	-5.6	-4.6	-4.6	-5.6	-6.0	-5.4	-7.1	-5.8	-5.7	-5.8	-6.3	-5.1	-4.9	-4.7	-6.6	-4.7	-4.8	-6.6	-5.6	-5.2	-4.6	-3.9	-4.9	-5.2	-5.3	-6.5	-4.8	-3.4	-5.7	-5.8	-5.1	-5.4	-5.4	-5.4	-6.5	-6.4
5a7b_protein_Repair_99	-5.6	-4.8	-4.8	-6.0	-5.5	-5.9	-3.7	-6.2	-6.2	-5.7	-5.4	-5.9	-6.2	-6.1	-5.4	-3.3	-6.3	-6.3	-6.4	-5.1	-5.3	-5.5	-6.2	-5.5	-6.3	-6.9	-5.4	-5.6	-5.4	-5.4	-5.7	-5.5	-6.2	-5.8	-5.9	-6.0	-6.0	-6.0	-6.5	-5.8	-5.7	-6.2	-6.1	-6.1	-3.3	-6.1	-5.7	-5.4	-5.4	-6.3	-6.1	-6.0	-5.1	-6.0	-5.2	-5.3	-5.8	-6.4	-6.0	-6.2	-5.5	-5.7	-6.0	-6.7	-6.0	-5.9	-5.2	-3.3	-3.8	-5.5	-6.2	-5.5	-7.2	-5.5	-6.1	-6.4	-5.9	-6.4	-5.4	-5.1	-6.2	-6.1	-6.3	-7.3	-6.0	-5.7	-6.1	-5.8	-5.4	-5.4	-5.1	-6.4	-5.0	-5.5	-6.1	-5.8	-6.0	-5.1	-3.8	-5.6	-5.4	-5.9	-6.6	-5.3	-3.3	-6.4	-6.3	-5.8	-5.4	-5.6	-5.6	-6.8	-6.9
5a7b_protein_Repair_WT	-5.9	-4.7	-5.0	-5.5	-5.9	-5.9	-3.9	-6.1	-5.8	-5.7	-4.3	-5.9	-5.9	-6.5	-5.5	-3.4	-6.5	-6.3	-6.3	-5.2	-5.6	-5.5	-6.1	-5.7	-6.3	-6.3	-5.3	-5.7	-5.8	-5.7	-5.6	-5.6	-6.4	-6.2	-5.8	-6.7	-5.8	-6.2	-6.3	-6.4	-6.1	-6.1	-6.0	-6.1	-3.3	-6.3	-5.5	-5.4	-5.4	-6.5	-6.8	-5.8	-5.0	-6.0	-5.7	-5.6	-6.2	-7.1	-6.1	-6.5	-5.3	-5.8	-5.7	-6.4	-6.5	-6.1	-4.1	-3.4	-3.9	-6.1	-6.6	-5.6	-7.6	-5.5	-5.8	-5.7	-6.6	-6.5	-4.8	-5.3	-6.1	-6.0	-6.2	-7.4	-5.6	-5.6	-5.9	-6.1	-5.5	-5.0	-4.9	-6.9	-5.3	-5.1	-6.8	-6.1	-6.1	-4.8	-4.0	-5.2	-5.4	-5.6	-6.8	-5.3	-3.3	-6.7	-6.5	-5.4	-6.0	-6.4	-5.3	-7.1	-7.3
