uniprot	snp	rs_id	mutation_type	pdb	min_res	ligand	sourceAminoAcid	targetAminoAcid	residueNum	chain	PdbResName	PdbResNum	aaPDBName	aaResidueNumber	UniProtResName	UniProtPos	UniProtAccessionId	PdbId	SeqResName	NaturalPos	FoldXname	FoldXmutation	secStruct	secStructSimple	CysteineMutation	GlycineMutation	ProlineMutation	ChargeGroupChange	HydroGroupChange	VanDerWaalsVolumeGroupChange	PloarityGroupChange	PolarizabilityGroupChange	SSWTGroupChange	AsaGroupChange	AsaChange	mutationPhi	mutationPsi	compressibility	t_hydrophobicity	s_hydrophobicity	polarity	isoelectric_point	pk	mw	bulkiness	chromatographic_index	refractive_index	n_hydrophobicity	sm_nonbonded_energy	l_nonbonded_energy	total_nonbonded_energy	helix_tendency	sheet_tendency	turn_tendency	coil_tendency	helical_contact_area	fluctuational_displacement	buriedness	sa_reduction_ratio	avg_surrounding_residues	loc_n_helix_tendency	loc_c_helix_tendency	loc_m_helix_tendency	partial_specific_volume	avg_med_contacts	avg_long_contacts	surrounding_hydrophobicity	asa_denaturated	asa_native	asa_unfolding	delta_g_hydration_unfolding	delta_g_hydration_denaturated	delta_g_hydration_native	unfolding_enthalpy_change_hydration	unfolding_entropy_change_hydration	unfolding_hydration_heat_capacity_change	unfolding_gibbs_chain	unfolding_enthalpy_chain	unfolding_entropy_chain	unfolding_gibbs	unfolding_enthalpy	unfolding_entropy	volume	shape	flexibility	compressibilitySurrounding	t_hydrophobicitySurrounding	s_hydrophobicitySurrounding	polaritySurrounding	isoelectric_pointSurrounding	pkSurrounding	mwSurrounding	bulkinessSurrounding	chromatographic_indexSurrounding	refractive_indexSurrounding	n_hydrophobicitySurrounding	sm_nonbonded_energySurrounding	l_nonbonded_energySurrounding	total_nonbonded_energySurrounding	helix_tendencySurrounding	sheet_tendencySurrounding	turn_tendencySurrounding	coil_tendencySurrounding	helical_contact_areaSurrounding	fluctuational_displacementSurrounding	buriednessSurrounding	sa_reduction_ratioSurrounding	avg_surrounding_residuesSurrounding	loc_n_helix_tendencySurrounding	loc_c_helix_tendencySurrounding	loc_m_helix_tendencySurrounding	partial_specific_volumeSurrounding	avg_med_contactsSurrounding	avg_long_contactsSurrounding	surrounding_hydrophobicitySurrounding	asa_denaturatedSurrounding	asa_nativeSurrounding	asa_unfoldingSurrounding	delta_g_hydration_unfoldingSurrounding	delta_g_hydration_denaturatedSurrounding	delta_g_hydration_nativeSurrounding	unfolding_enthalpy_change_hydrationSurrounding	unfolding_entropy_change_hydrationSurrounding	unfolding_hydration_heat_capacity_changeSurrounding	unfolding_gibbs_chainSurrounding	unfolding_enthalpy_chainSurrounding	unfolding_entropy_chainSurrounding	unfolding_gibbsSurrounding	unfolding_enthalpySurrounding	unfolding_entropySurrounding	volumeSurrounding	shapeSurrounding	flexibilitySurrounding	total_energy	Backbone_Hbond	Sidechain_Hbond	Van_der_Waals	Electrostatics	Solvation_Polar	Solvation_Hydrophobic	Van_der_Waals_clashes	entropy_sidechain	entropy_mainchain	sloop_entropy	mloop_entropy	cis_bond	torsional_clash	backbone_clash	helix_dipole	water_bridge	disulfide	electrostatic_kon	partial_covalent_bonds	energy_Ionisation	Entropy_Complex
Q9Y233	p.Tyr514Phe	rs1169688625	missense variant	5c28	1.56	5c28:4XV;4llx:5ZE;5c2h:4XU;3uuo:0CV;3ui7:C1L;	Y	F	514	A	Y	514	Y	514	Y	514	Q9Y233	5c28	TYR	97	5c28_protein_Repair_1	YA514F;	Bend	Other	NO	NO	NO	group2-group2	group2-group3	group3-group3	group1-group1	group3-group3	group2-group2	group3-group1	1.2855	-112.7646	-48.246	0.47	0.2	0.32	-1.26	-0.18	-0.31	-16.0	1.77	3.8	-2.15	0.93	0.11	0.07	0.17	0.44	-0.09	-0.54	-0.36	0.0	-0.32	0.25	3.57	-0.11	0.56	0.29	0.61	-2.12	0.31	-0.4	0.05	-14.4	-17.3	2.5	4.58	7.1	2.54	5.56	-0.98	8.52	-3.34	-2.48	-0.76	1.25	3.09	-1.84	-1.0	0.0	0.0	-306.25	11.89	125.37	209.65	58.52	19.97	1293.0	153.08	93.4	155.42	1.73	12.27	5.14	17.44	10.15	9.41	9.77	10.25	303.0	9.48	2.83	38.41	59.33	9.27	12.38	10.88	853.92	18.09	39.34	132.39	1445.5	521.6	920.6	-18.73	-19.6	-15.53	-45.08	26.35	178.49	18.9	45.97	-27.06	0.15	0.84	-0.7	39.0	14.0	15.0	-0.1232	0.004	0.6674	0.1257	0.0055	-0.4038	-0.097	-0.0321	-0.3499	0.0	0.0	0.0	0.0	-0.0761	-0.0442	0.0	0.0	0.0	0.0	0.0	0.0331	0.0
Q9Y233	p.Tyr514Phe	rs1169688625	missense variant	5c28	1.56	5c28:4XV;4llx:5ZE;5c2h:4XU;3uuo:0CV;3ui7:C1L;	Y	F	514	A	Y	514	Y	514	Y	514	Q9Y233	5c28	TYR	97	5c28_protein_Repair_WT	YA514F;	Bend	Other	NO	NO	NO	group2-group2	group2-group2	group3-group3	group1-group1	group3-group3	group2-group2	group3-group3	1.0	-101.6458	-52.9324	0.0	0.0	0.0	0.0	0.0	0.0	0.0	0.0	0.0	0.0	0.0	0.0	0.0	0.0	0.0	0.0	0.0	0.0	0.0	0.0	0.0	0.0	0.0	0.0	0.0	0.0	0.0	0.0	0.0	0.0	0.0	0.0	0.0	0.0	0.0	0.0	0.0	0.0	0.0	0.0	0.0	0.0	0.0	0.0	0.0	0.0	0.0	0.0	-306.25	11.89	125.37	209.65	58.52	19.97	1293.0	153.08	93.4	155.42	1.73	12.27	5.14	17.44	10.15	9.41	9.77	10.25	303.0	9.48	2.83	38.41	59.33	9.27	12.38	10.88	853.92	18.09	39.34	132.39	1445.5	521.6	920.6	-18.73	-19.6	-15.53	-45.08	26.35	178.49	18.9	45.97	-27.06	0.15	0.84	-0.7	39.0	14.0	15.0	0.0	0.0	0.0	0.0	0.0	0.0	0.0	0.0	0.0	0.0	0.0	0.0	0.0	0.0	0.0	0.0	0.0	0.0	0.0	0.0	0.0	0.0
Q9Y233	p.Thr623Ala	rs1454995443	missense variant	5c28	1.56	5c28:4XV;4llx:5ZE;5c2h:4XU;3uuo:0CV;3ui7:C1L;	T	A	623	A	T	623	T	623	T	623	Q9Y233	5c28	THR	206	5c28_protein_Repair_2	TA623A;	Turn	Other	NO	NO	NO	group2-group2	group2-group2	group1-group1	group2-group2	group1-group1	group2-group1	group3-group1	1.1892	-95.3795	7.8247	5.73	0.8	0.93	-1.66	0.34	0.24	-30.0	-4.27	0.4	3.33	0.67	0.15	-0.03	0.13	0.59	-0.36	-0.3	-0.37	-8.0	0.0	0.15	1.1	0.24	0.84	0.19	0.76	-16.37	0.54	-0.17	1.15	-26.4	-18.8	-7.1	1.43	3.08	1.63	2.15	-0.72	-1.89	-1.23	-1.65	0.43	0.22	0.47	-0.26	-2.0	-1.0	-1.0	-370.0	14.91	154.94	204.32	65.74	24.51	1482.0	173.22	118.4	181.3	6.79	15.11	6.46	21.64	13.59	11.47	10.58	10.95	359.0	11.28	4.09	51.67	73.65	13.46	14.25	11.99	1001.87	22.99	48.32	160.71	1698.1	540.1	1154.5	-16.36	-15.6	-13.95	-47.23	30.87	232.0	16.73	52.77	-36.0	0.37	5.47	-5.13	40.0	14.0	19.0	0.7833	0.7522	0.6315	0.8173	0.1085	-1.663	0.922	-0.0411	-0.5211	-0.2193	0.0	0.0	0.0	-0.0037	-0.2864	0.0	0.0	0.0	0.0	0.0	0.0	0.0
Q9Y233	p.Thr623Ala	rs1454995443	missense variant	5c28	1.56	5c28:4XV;4llx:5ZE;5c2h:4XU;3uuo:0CV;3ui7:C1L;	T	A	623	A	T	623	T	623	T	623	Q9Y233	5c28	THR	206	5c28_protein_Repair_WT	TA623A;	Turn	Other	NO	NO	NO	group2-group2	group2-group2	group1-group1	group2-group2	group1-group1	group2-group2	group3-group3	1.0	-97.4236	-5.4015	0.0	0.0	0.0	0.0	0.0	0.0	0.0	0.0	0.0	0.0	0.0	0.0	0.0	0.0	0.0	0.0	0.0	0.0	0.0	0.0	0.0	0.0	0.0	0.0	0.0	0.0	0.0	0.0	0.0	0.0	0.0	0.0	0.0	0.0	0.0	0.0	0.0	0.0	0.0	0.0	0.0	0.0	0.0	0.0	0.0	0.0	0.0	0.0	-405.01	17.58	168.51	205.93	71.4	26.71	1663.0	191.25	133.4	212.85	7.05	16.14	7.11	23.33	14.28	12.94	11.72	12.02	405.0	12.29	4.35	54.7	80.38	14.04	14.97	12.51	1125.47	24.66	53.25	174.59	1894.5	590.5	1300.4	-22.0	-24.05	-16.77	-57.9	35.9	262.54	23.29	67.18	-43.95	1.28	9.2	-7.95	48.0	16.0	21.0	0.0	0.0	0.0	0.0	0.0	0.0	0.0	0.0	0.0	0.0	0.0	0.0	0.0	0.0	0.0	0.0	0.0	0.0	0.0	0.0	0.0	0.0
Q9Y233	p.Leu625Val	rs528445665	missense variant	5c28	1.56	5c28:4XV;4llx:5ZE;5c2h:4XU;3uuo:0CV;3ui7:C1L;	L	V	625	A	L	625	L	625	L	625	Q9Y233	5c28	LEU	208	5c28_protein_Repair_3	LA625V;	alpha Helix	Helix	NO	NO	NO	group2-group2	group3-group3	group2-group2	group1-group1	group2-group2	group1-group2	group1-group1	1.2688	-74.417	-19.6304	1.16	-0.3	0.54	0.0	-0.02	-0.04	-14.0	0.17	-3.3	-4.86	0.02	-0.07	0.08	0.01	-0.15	0.4	-0.09	-0.06	-2.0	0.0	-0.02	1.26	0.25	-0.49	0.05	0.15	-16.97	-0.56	0.84	0.43	-17.5	-3.0	-14.2	-0.14	-0.17	-0.03	0.37	-0.51	-5.68	0.16	-0.24	0.4	0.02	0.13	-0.12	-1.0	-1.0	-1.0	-247.91	10.25	103.09	55.11	43.21	17.34	1026.0	125.45	93.0	142.43	4.55	9.95	4.39	14.38	8.54	8.73	7.03	7.26	249.0	7.47	2.63	30.71	49.39	8.84	9.82	6.62	701.24	15.0	32.92	106.65	1140.8	347.4	791.5	-14.42	-24.03	-9.64	-37.1	22.68	171.25	16.82	49.13	-32.39	2.39	12.0	-9.62	31.0	10.0	10.0	2.3216	-0.0029	0.0	0.7977	0.0177	-0.0525	1.6992	0.0049	-0.5124	0.1336	0.0	0.0	0.0	0.2362	-0.0787	0.0	0.0	0.0	0.0	0.0	0.0	0.0
Q9Y233	p.Leu625Val	rs528445665	missense variant	5c28	1.56	5c28:4XV;4llx:5ZE;5c2h:4XU;3uuo:0CV;3ui7:C1L;	L	V	625	A	L	625	L	625	L	625	Q9Y233	5c28	LEU	208	5c28_protein_Repair_WT	LA625V;	alpha Helix	Helix	NO	NO	NO	group2-group2	group3-group3	group2-group2	group1-group1	group2-group2	group1-group1	group1-group1	1.0	-69.0305	-27.5207	0.0	0.0	0.0	0.0	0.0	0.0	0.0	0.0	0.0	0.0	0.0	0.0	0.0	0.0	0.0	0.0	0.0	0.0	0.0	0.0	0.0	0.0	0.0	0.0	0.0	0.0	0.0	0.0	0.0	0.0	0.0	0.0	0.0	0.0	0.0	0.0	0.0	0.0	0.0	0.0	0.0	0.0	0.0	0.0	0.0	0.0	0.0	0.0	-247.91	10.25	103.09	55.11	43.21	17.34	1026.0	125.45	93.0	142.43	4.55	9.95	4.39	14.38	8.54	8.73	7.03	7.26	249.0	7.47	2.63	30.71	49.39	8.84	9.82	6.62	701.24	15.0	32.92	106.65	1140.8	347.4	791.5	-14.42	-24.03	-9.64	-37.1	22.68	171.25	16.82	49.13	-32.39	2.39	12.0	-9.62	31.0	10.0	10.0	0.0	0.0	0.0	0.0	0.0	0.0	0.0	0.0	0.0	0.0	0.0	0.0	0.0	0.0	0.0	0.0	0.0	0.0	0.0	0.0	0.0	0.0
Q9Y233	p.Leu665Phe	rs1275068063	missense variant	5c28	1.56	5c28:4XV;4llx:5ZE;5c2h:4XU;3uuo:0CV;3ui7:C1L;	L	F	665	A	L	665	L	665	L	665	Q9Y233	5c28	LEU	248	5c28_protein_Repair_4	LA665F;	Turn	Other	NO	NO	NO	group2-group2	group3-group3	group2-group3	group1-group1	group2-group3	group1-group2	group1-group1	1.0439	-103.0486	20.2887	-2.76	0.7	-0.3	0.22	-0.5	-0.47	34.0	-1.6	1.2	10.62	0.13	-0.18	0.07	-0.11	-0.08	0.08	0.01	0.02	11.0	-0.1	0.01	0.72	-0.75	-0.77	0.43	0.08	13.73	-0.21	-0.06	-0.2	20.6	2.0	18.6	-1.33	-1.7	-0.35	-1.59	0.26	0.8	3.57	8.24	-4.67	2.24	6.65	-4.42	3.0	0.0	0.0	-272.11	9.32	119.06	56.25	48.13	18.94	1011.0	129.98	73.2	157.42	4.65	11.75	5.1	16.88	8.97	9.92	8.55	8.69	230.0	8.47	3.46	35.37	59.35	8.66	9.85	9.79	649.16	16.18	40.49	125.26	1134.8	321.5	812.0	-12.86	-20.56	-7.74	-32.51	19.65	137.4	14.11	44.66	-30.51	1.28	12.1	-10.86	21.0	5.0	8.0	-0.5635	0.0245	-0.0025	-0.5642	-0.0425	0.163	-0.6871	0.3425	0.037	0.1935	0.0	0.0	0.0	-0.0279	0.0512	0.0	0.0	0.0	0.0	0.0	0.0	0.0
Q9Y233	p.Leu665Phe	rs1275068063	missense variant	5c28	1.56	5c28:4XV;4llx:5ZE;5c2h:4XU;3uuo:0CV;3ui7:C1L;	L	F	665	A	L	665	L	665	L	665	Q9Y233	5c28	LEU	248	5c28_protein_Repair_WT	LA665F;	Turn	Other	NO	NO	NO	group2-group2	group3-group3	group2-group2	group1-group1	group2-group2	group1-group1	group1-group1	1.0	-98.1189	9.0755	0.0	0.0	0.0	0.0	0.0	0.0	0.0	0.0	0.0	0.0	0.0	0.0	0.0	0.0	0.0	0.0	0.0	0.0	0.0	0.0	0.0	0.0	0.0	0.0	0.0	0.0	0.0	0.0	0.0	0.0	0.0	0.0	0.0	0.0	0.0	0.0	0.0	0.0	0.0	0.0	0.0	0.0	0.0	0.0	0.0	0.0	0.0	0.0	-241.49	7.45	104.33	56.12	42.17	16.62	894.0	108.41	58.9	143.5	3.57	10.5	4.37	14.9	7.91	8.22	8.05	8.06	197.0	7.68	2.98	28.23	51.73	7.24	9.22	8.59	558.38	14.55	35.06	110.7	990.9	293.4	696.4	-12.99	-20.74	-7.78	-29.36	16.37	104.82	14.3	41.21	-26.87	1.34	11.8	-10.5	18.0	4.0	7.0	0.0	0.0	0.0	0.0	0.0	0.0	0.0	0.0	0.0	0.0	0.0	0.0	0.0	0.0	0.0	0.0	0.0	0.0	0.0	0.0	0.0	0.0
Q9Y233	p.Ser667Cys	rs1203935146	missense variant	5c28	1.56	5c28:4XV;4llx:5ZE;5c2h:4XU;3uuo:0CV;3ui7:C1L;	S	C	667	A	S	667	S	667	S	667	Q9Y233	5c28	SER	250	5c28_protein_Repair_5	SA667C;	3-10 Helix	Helix	YES	NO	NO	group2-group2	group2-group3	group1-group1	group2-group1	group1-group2	group3-group2	group3-group1	1.1032	-57.5644	-22.9219	-2.94	1.45	2.62	-0.19	-0.63	-0.56	16.0	3.99	-4.1	29.42	0.47	0.07	0.22	0.29	-0.07	0.44	-0.24	-0.15	5.0	-0.26	0.34	0.6	2.33	-0.37	-0.05	0.66	7.08	0.31	1.8	1.98	21.1	-30.8	51.5	2.18	4.27	2.09	2.51	-0.33	3.27	-0.71	2.84	-3.54	1.48	5.37	-3.9	0.0	0.0	0.0	-277.43	10.15	118.37	56.35	55.67	19.47	1078.0	152.52	90.9	151.05	2.48	11.41	5.13	16.55	9.1	11.03	7.33	8.08	276.0	8.22	3.14	36.48	58.83	10.05	8.38	9.23	756.46	16.11	39.98	122.15	1272.1	401.9	867.7	-9.75	-18.73	-6.95	-33.68	23.93	193.06	9.58	38.83	-29.23	-0.18	5.16	-5.35	27.0	7.0	12.0	-0.6005	-0.0092	0.3514	-0.3265	0.0	-0.269	-0.8043	0.0065	0.1474	0.3648	0.0	0.0	0.0	-0.0674	0.0497	0.0	0.0	0.0	0.0	0.0	0.0059	0.0
Q9Y233	p.Ser667Cys	rs1203935146	missense variant	5c28	1.56	5c28:4XV;4llx:5ZE;5c2h:4XU;3uuo:0CV;3ui7:C1L;	S	C	667	A	S	667	S	667	S	667	Q9Y233	5c28	SER	250	5c28_protein_Repair_WT	SA667C;	3-10 Helix	Helix	YES	NO	NO	group2-group2	group2-group2	group1-group1	group2-group2	group1-group1	group3-group3	group3-group3	1.0	-51.6003	-29.6912	0.0	0.0	0.0	0.0	0.0	0.0	0.0	0.0	0.0	0.0	0.0	0.0	0.0	0.0	0.0	0.0	0.0	0.0	0.0	0.0	0.0	0.0	0.0	0.0	0.0	0.0	0.0	0.0	0.0	0.0	0.0	0.0	0.0	0.0	0.0	0.0	0.0	0.0	0.0	0.0	0.0	0.0	0.0	0.0	0.0	0.0	0.0	0.0	-277.43	10.15	118.37	56.35	55.67	19.47	1078.0	152.52	90.9	151.05	2.48	11.41	5.13	16.55	9.1	11.03	7.33	8.08	276.0	8.22	3.14	36.48	58.83	10.05	8.38	9.23	756.46	16.11	39.98	122.15	1272.1	401.9	867.7	-9.75	-18.73	-6.95	-33.68	23.93	193.06	9.58	38.83	-29.23	-0.18	5.16	-5.35	27.0	7.0	12.0	0.0	0.0	0.0	0.0	0.0	0.0	0.0	0.0	0.0	0.0	0.0	0.0	0.0	0.0	0.0	0.0	0.0	0.0	0.0	0.0	0.0	0.0
Q9Y233	p.Thr678Met	rs1397373586	missense variant	5c28	1.56	5c28:4XV;4llx:5ZE;5c2h:4XU;3uuo:0CV;3ui7:C1L;	T	M	678	A	T	678	T	678	T	678	Q9Y233	5c28	THR	261	5c28_protein_Repair_6	TA678M;	alpha Helix	Helix	NO	NO	NO	group2-group2	group2-group3	group1-group3	group2-group1	group1-group3	group2-group1	group3-group3	0.5425	-71.5463	-27.6861	0.05	1.6	1.5	-0.23	0.08	0.18	30.0	0.48	5.2	10.63	0.69	0.05	0.13	0.19	0.62	-0.14	-0.36	-0.49	15.0	-0.18	0.19	2.61	0.58	0.5	-0.52	1.01	28.52	0.7	0.05	1.16	59.4	-10.7	69.9	1.37	2.95	1.59	0.23	1.14	15.56	-0.61	2.64	-3.25	0.77	2.85	-2.08	1.0	-1.0	2.0	-312.22	13.26	128.51	107.88	58.88	21.1	1284.0	159.35	102.0	161.58	2.79	12.15	5.28	17.46	9.9	11.01	9.78	9.75	321.0	9.72	2.97	38.98	61.49	10.36	9.76	9.23	888.1	18.11	41.57	134.0	1481.3	502.2	976.8	-19.96	-36.64	-14.59	-48.99	29.03	204.15	19.31	50.5	-31.28	-0.67	1.48	-2.14	38.0	11.0	17.0	-1.2707	0.5679	0.612	-0.7507	-0.005	-0.3623	-1.6732	-0.1048	0.3457	0.0836	0.0	0.0	0.0	0.016	0.0668	0.0	0.0	0.0	0.0	0.0	0.0	0.0
Q9Y233	p.Thr678Met	rs1397373586	missense variant	5c28	1.56	5c28:4XV;4llx:5ZE;5c2h:4XU;3uuo:0CV;3ui7:C1L;	T	M	678	A	T	678	T	678	T	678	Q9Y233	5c28	THR	261	5c28_protein_Repair_WT	TA678M;	alpha Helix	Helix	NO	NO	NO	group2-group2	group2-group2	group1-group1	group2-group2	group1-group1	group2-group2	group3-group3	1.0	-65.714	-36.4629	0.0	0.0	0.0	0.0	0.0	0.0	0.0	0.0	0.0	0.0	0.0	0.0	0.0	0.0	0.0	0.0	0.0	0.0	0.0	0.0	0.0	0.0	0.0	0.0	0.0	0.0	0.0	0.0	0.0	0.0	0.0	0.0	0.0	0.0	0.0	0.0	0.0	0.0	0.0	0.0	0.0	0.0	0.0	0.0	0.0	0.0	0.0	0.0	-312.22	13.26	128.51	107.88	58.88	21.1	1284.0	159.35	102.0	161.58	2.79	12.15	5.28	17.46	9.9	11.01	9.78	9.75	321.0	9.72	2.97	38.98	61.49	10.36	9.76	9.23	888.1	18.11	41.57	134.0	1481.3	502.2	976.8	-19.96	-36.64	-14.59	-48.99	29.03	204.15	19.31	50.5	-31.28	-0.67	1.48	-2.14	38.0	11.0	17.0	0.0	0.0	0.0	0.0	0.0	0.0	0.0	0.0	0.0	0.0	0.0	0.0	0.0	0.0	0.0	0.0	0.0	0.0	0.0	0.0	0.0	0.0
Q9Y233	p.Met704Ile	rs1469535794	missense variant	5c28	1.56	5c28:4XV;4llx:5ZE;5c2h:4XU;3uuo:0CV;3ui7:C1L;	M	I	704	A	M	704	M	704	M	704	Q9Y233	5c28	MET	287	5c28_protein_Repair_7	MA704I;	3-10 Helix	Helix	NO	NO	NO	group2-group2	group3-group3	group3-group2	group1-group1	group3-group2	group1-group2	group3-group1	0.827	-103.8008	-0.0855	-0.6	1.48	1.72	-1.33	0.28	-0.92	-18.0	5.15	2.4	-2.58	0.74	-0.11	0.11	-0.01	-0.37	0.55	-0.13	0.07	-4.0	-0.02	0.14	2.48	1.12	-0.03	-0.05	-0.7	2.37	-0.5	1.44	1.42	-18.3	-13.0	-5.2	0.92	1.11	0.17	0.32	0.6	10.31	-1.53	-3.03	1.51	-0.61	-2.7	2.09	0.0	1.0	-1.0	-357.66	22.82	152.66	160.35	72.11	24.78	1678.0	186.38	138.3	236.3	3.25	14.17	6.82	21.07	12.06	11.39	12.18	12.36	426.0	11.71	3.57	48.28	73.49	10.29	15.51	9.4	1158.48	21.7	48.73	160.41	1900.4	614.3	1280.7	-23.91	-26.61	-17.42	-60.97	37.06	269.98	28.23	75.27	-47.12	4.33	14.25	-9.95	56.0	17.0	21.0	3.1776	-0.4867	-0.0613	0.0655	0.0333	0.2108	-0.2422	3.9676	-0.3461	-0.3242	0.0	0.0	0.0	0.3507	0.1056	0.0088	0.0	0.0	0.0	0.0	0.0015	0.0
Q9Y233	p.Met704Ile	rs1469535794	missense variant	5c28	1.56	5c28:4XV;4llx:5ZE;5c2h:4XU;3uuo:0CV;3ui7:C1L;	M	I	704	A	M	704	M	704	M	704	Q9Y233	5c28	MET	287	5c28_protein_Repair_WT	MA704I;	3-10 Helix	Helix	NO	NO	NO	group2-group2	group3-group3	group3-group3	group1-group1	group3-group3	group1-group1	group3-group3	1.0	-100.7675	0.0256	0.0	0.0	0.0	0.0	0.0	0.0	0.0	0.0	0.0	0.0	0.0	0.0	0.0	0.0	0.0	0.0	0.0	0.0	0.0	0.0	0.0	0.0	0.0	0.0	0.0	0.0	0.0	0.0	0.0	0.0	0.0	0.0	0.0	0.0	0.0	0.0	0.0	0.0	0.0	0.0	0.0	0.0	0.0	0.0	0.0	0.0	0.0	0.0	-390.78	23.48	163.76	210.05	74.88	26.79	1811.0	198.06	141.1	248.3	4.15	15.33	7.17	22.59	13.07	11.93	13.64	13.57	452.0	12.85	3.71	50.88	78.44	10.82	17.64	9.96	1232.31	23.5	51.58	172.02	2032.6	676.7	1350.3	-26.88	-32.71	-20.53	-65.51	38.63	272.71	31.12	79.99	-48.95	4.25	14.43	-10.21	60.0	19.0	23.0	0.0	0.0	0.0	0.0	0.0	0.0	0.0	0.0	0.0	0.0	0.0	0.0	0.0	0.0	0.0	0.0	0.0	0.0	0.0	0.0	0.0	0.0
Q9Y233	p.Val712Ala	rs1305083191	missense variant	5c28	1.56	5c28:4XV;4llx:5ZE;5c2h:4XU;3uuo:0CV;3ui7:C1L;	V	A	712	A	V	712	V	712	V	712	Q9Y233	5c28	VAL	295	5c28_protein_Repair_8	VA712A;	alpha Helix	Helix	NO	NO	NO	group2-group2	group3-group2	group2-group1	group1-group2	group2-group1	group2-group1	group1-group1	1.0613	-63.3458	-41.5097	5.12	-1.0	-1.68	-0.13	0.04	0.02	-28.0	-10.07	-4.4	0.42	-0.46	0.15	-0.24	-0.08	0.36	-0.87	0.16	0.08	-13.0	0.17	-0.1	-3.44	-1.57	0.17	0.81	0.02	-30.32	0.48	-1.51	-0.71	-39.9	5.1	-44.7	-0.67	-0.76	-0.1	0.91	-1.58	-18.36	0.7	-0.68	1.39	0.04	0.21	-0.18	-2.0	-1.0	-1.0	-280.72	9.15	104.97	208.67	56.78	19.51	1203.0	122.65	66.1	139.53	-3.3	10.6	3.76	14.4	9.65	6.94	9.86	9.49	301.0	9.73	1.51	25.34	48.91	7.98	11.26	10.27	795.94	16.99	29.29	110.92	1412.6	632.6	777.1	-19.77	-25.88	-16.53	-40.24	20.47	108.98	19.01	36.75	-17.74	-0.75	-3.51	2.74	36.0	11.0	22.0	1.3958	0.0482	0.0523	1.0027	0.0	-0.6344	1.6592	-0.0288	-0.5572	-0.146	0.0	0.0	0.0	-1.0E-4	-0.1917	0.0	0.0	0.0	0.0	0.0	0.0	0.0
Q9Y233	p.Val712Ala	rs1305083191	missense variant	5c28	1.56	5c28:4XV;4llx:5ZE;5c2h:4XU;3uuo:0CV;3ui7:C1L;	V	A	712	A	V	712	V	712	V	712	Q9Y233	5c28	VAL	295	5c28_protein_Repair_WT	VA712A;	alpha Helix	Helix	NO	NO	NO	group2-group2	group3-group3	group2-group2	group1-group1	group2-group2	group2-group2	group1-group1	1.0	-62.294	-44.181	0.0	0.0	0.0	0.0	0.0	0.0	0.0	0.0	0.0	0.0	0.0	0.0	0.0	0.0	0.0	0.0	0.0	0.0	0.0	0.0	0.0	0.0	0.0	0.0	0.0	0.0	0.0	0.0	0.0	0.0	0.0	0.0	0.0	0.0	0.0	0.0	0.0	0.0	0.0	0.0	0.0	0.0	0.0	0.0	0.0	0.0	0.0	0.0	-280.72	9.15	104.97	208.67	56.78	19.51	1203.0	122.65	66.1	139.53	-3.3	10.6	3.76	14.4	9.65	6.94	9.86	9.49	301.0	9.73	1.51	25.34	48.91	7.98	11.26	10.27	795.94	16.99	29.29	110.92	1412.6	632.6	777.1	-19.77	-25.88	-16.53	-40.24	20.47	108.98	19.01	36.75	-17.74	-0.75	-3.51	2.74	36.0	11.0	22.0	0.0	0.0	0.0	0.0	0.0	0.0	0.0	0.0	0.0	0.0	0.0	0.0	0.0	0.0	0.0	0.0	0.0	0.0	0.0	0.0	0.0	0.0
Q9Y233	p.Leu717Phe	rs1281038695	missense variant	5c28	1.56	5c28:4XV;4llx:5ZE;5c2h:4XU;3uuo:0CV;3ui7:C1L;	L	F	717	A	L	717	L	717	L	717	Q9Y233	5c28	LEU	300	5c28_protein_Repair_9	LA717F;	alpha Helix	Helix	NO	NO	NO	group2-group2	group3-group3	group2-group3	group1-group1	group2-group3	group1-group2	group1-group1	1.1642	-57.6224	-43.2091	-2.76	0.7	-0.3	0.22	-0.5	-0.47	34.0	-1.6	1.2	10.62	0.13	-0.18	0.07	-0.11	-0.08	0.08	0.01	0.02	11.0	-0.1	0.01	0.72	-0.75	-0.77	0.43	0.08	13.73	-0.21	-0.06	-0.2	20.6	2.0	18.6	-1.33	-1.7	-0.35	-1.59	0.26	0.8	3.57	8.24	-4.67	2.24	6.65	-4.42	3.0	0.0	0.0	-341.09	15.21	137.76	66.11	63.18	24.05	1517.0	160.36	121.0	198.85	1.18	13.06	5.92	19.03	10.22	11.03	12.19	11.83	369.0	10.99	3.07	40.96	66.71	9.96	12.48	9.43	1017.76	20.11	43.55	146.07	1657.1	557.7	1094.5	-26.19	-28.74	-17.09	-56.93	30.74	193.56	30.21	66.19	-36.09	4.0	9.25	-5.26	51.0	19.0	19.0	-0.7873	-0.0342	-1.226	-0.1974	-0.2306	0.3916	0.1776	0.0136	-0.0598	0.3192	0.0	0.0	0.0	0.0587	0.0783	0.0	0.0	0.0	0.0	0.0	0.0	0.0
Q9Y233	p.Leu717Phe	rs1281038695	missense variant	5c28	1.56	5c28:4XV;4llx:5ZE;5c2h:4XU;3uuo:0CV;3ui7:C1L;	L	F	717	A	L	717	L	717	L	717	Q9Y233	5c28	LEU	300	5c28_protein_Repair_WT	LA717F;	alpha Helix	Helix	NO	NO	NO	group2-group2	group3-group3	group2-group2	group1-group1	group2-group2	group1-group1	group1-group1	1.0	-57.7553	-42.5642	0.0	0.0	0.0	0.0	0.0	0.0	0.0	0.0	0.0	0.0	0.0	0.0	0.0	0.0	0.0	0.0	0.0	0.0	0.0	0.0	0.0	0.0	0.0	0.0	0.0	0.0	0.0	0.0	0.0	0.0	0.0	0.0	0.0	0.0	0.0	0.0	0.0	0.0	0.0	0.0	0.0	0.0	0.0	0.0	0.0	0.0	0.0	0.0	-341.09	15.21	137.76	66.11	63.18	24.05	1517.0	160.36	121.0	198.85	1.18	13.06	5.92	19.03	10.22	11.03	12.19	11.83	369.0	10.99	3.07	40.96	66.71	9.96	12.48	9.43	1017.76	20.11	43.55	146.07	1657.1	557.7	1094.5	-26.19	-28.74	-17.09	-56.93	30.74	193.56	30.21	66.19	-36.09	4.0	9.25	-5.26	51.0	19.0	19.0	0.0	0.0	0.0	0.0	0.0	0.0	0.0	0.0	0.0	0.0	0.0	0.0	0.0	0.0	0.0	0.0	0.0	0.0	0.0	0.0	0.0	0.0
Q9Y233	p.Gly718Val	rs781103938	missense variant	5c28	1.56	5c28:4XV;4llx:5ZE;5c2h:4XU;3uuo:0CV;3ui7:C1L;	G	V	718	A	G	718	G	718	G	718	Q9Y233	5c28	GLY	301	5c28_protein_Repair_10	GA718V;	alpha Helix	Helix	NO	YES	NO	group2-group2	group2-group3	group1-group2	group2-group1	group1-group2	group3-group2	group1-group1	1.3178	-62.3456	-46.9343	-3.62	1.77	2.53	0.13	-0.01	-0.02	42.0	18.17	8.7	13.92	0.6	-0.11	0.2	0.08	0.49	0.95	-1.06	-0.89	20.0	-0.37	0.1	4.01	1.46	0.89	0.01	0.8	47.53	0.1	1.12	1.22	70.5	-1.1	71.6	0.72	1.0	0.27	-1.69	2.41	27.7	-0.87	2.22	-3.09	-0.15	0.53	-0.67	3.0	1.0	1.0	-280.55	10.64	116.91	12.66	51.76	19.81	1182.0	137.42	104.6	156.39	2.21	10.92	4.95	15.9	8.97	10.52	8.57	8.44	293.0	8.58	2.88	37.0	56.49	9.66	8.33	9.71	813.13	17.01	37.47	121.93	1325.8	408.6	915.2	-18.82	-31.54	-12.61	-44.29	25.47	170.93	21.07	50.06	-29.09	2.24	5.75	-3.51	37.0	15.0	15.0	-0.3345	-0.0791	0.0	-0.501	0.0	0.8676	-0.5142	0.0081	0.0943	-0.2508	0.0	0.0	0.0	0.0406	0.7555	0.0	0.0	0.0	0.0	0.0	0.0	0.0
Q9Y233	p.Gly718Val	rs781103938	missense variant	5c28	1.56	5c28:4XV;4llx:5ZE;5c2h:4XU;3uuo:0CV;3ui7:C1L;	G	V	718	A	G	718	G	718	G	718	Q9Y233	5c28	GLY	301	5c28_protein_Repair_WT	GA718V;	alpha Helix	Helix	NO	YES	NO	group2-group2	group2-group2	group1-group1	group2-group2	group1-group1	group3-group3	group1-group1	1.0	-67.6899	-39.7591	0.0	0.0	0.0	0.0	0.0	0.0	0.0	0.0	0.0	0.0	0.0	0.0	0.0	0.0	0.0	0.0	0.0	0.0	0.0	0.0	0.0	0.0	0.0	0.0	0.0	0.0	0.0	0.0	0.0	0.0	0.0	0.0	0.0	0.0	0.0	0.0	0.0	0.0	0.0	0.0	0.0	0.0	0.0	0.0	0.0	0.0	0.0	0.0	-280.55	10.64	116.91	12.66	51.76	19.81	1182.0	137.42	104.6	156.39	2.21	10.92	4.95	15.9	8.97	10.52	8.57	8.44	293.0	8.58	2.88	37.0	56.49	9.66	8.33	9.71	813.13	17.01	37.47	121.93	1325.8	408.6	915.2	-18.82	-31.54	-12.61	-44.29	25.47	170.93	21.07	50.06	-29.09	2.24	5.75	-3.51	37.0	15.0	15.0	0.0	0.0	0.0	0.0	0.0	0.0	0.0	0.0	0.0	0.0	0.0	0.0	0.0	0.0	0.0	0.0	0.0	0.0	0.0	0.0	0.0	0.0
Q9Y233	p.Val723Met	rs540559098	missense variant	5c28	1.56	5c28:4XV;4llx:5ZE;5c2h:4XU;3uuo:0CV;3ui7:C1L;	V	M	723	A	V	723	V	723	V	723	Q9Y233	5c28	VAL	306	5c28_protein_Repair_11	VA723M;	Turn	Other	NO	NO	NO	group2-group2	group3-group3	group2-group3	group1-group1	group2-group3	group2-group1	group1-group3	4.2141	-113.3065	-69.7287	-0.56	-0.2	-1.11	1.3	-0.22	-0.04	32.0	-5.32	0.4	7.72	-0.44	0.05	-0.08	-0.02	0.39	-0.65	0.1	-0.04	10.0	-0.01	-0.06	-1.93	-1.23	-0.17	0.1	0.27	14.57	0.64	-1.29	-0.7	45.9	13.2	32.3	-0.73	-0.89	-0.14	-1.01	0.28	-0.91	1.32	3.61	-2.29	0.59	2.59	-2.0	1.0	-1.0	2.0	-266.3	14.91	118.18	8.5	51.89	18.13	1098.0	129.34	99.3	168.67	4.18	11.31	5.15	16.5	8.25	9.49	9.36	9.55	259.0	8.61	3.37	35.12	57.67	7.51	9.79	7.72	745.51	16.21	39.95	124.87	1233.8	346.5	884.6	-12.92	-19.36	-6.45	-36.62	23.7	181.91	16.66	51.39	-34.8	3.76	14.73	-11.0	30.0	7.0	9.0	1.1884	-0.0095	0.0	-0.371	0.0	0.3608	-0.187	0.0343	0.4622	0.8968	0.0	0.0	0.0	0.0018	0.3852	0.0	0.0	0.0	0.0	0.0	0.0	0.0
Q9Y233	p.Val723Met	rs540559098	missense variant	5c28	1.56	5c28:4XV;4llx:5ZE;5c2h:4XU;3uuo:0CV;3ui7:C1L;	V	M	723	A	V	723	V	723	V	723	Q9Y233	5c28	VAL	306	5c28_protein_Repair_WT	VA723M;	Turn	Other	NO	NO	NO	group2-group2	group3-group3	group2-group2	group1-group1	group2-group2	group2-group2	group1-group1	1.0	-110.6665	-68.7644	0.0	0.0	0.0	0.0	0.0	0.0	0.0	0.0	0.0	0.0	0.0	0.0	0.0	0.0	0.0	0.0	0.0	0.0	0.0	0.0	0.0	0.0	0.0	0.0	0.0	0.0	0.0	0.0	0.0	0.0	0.0	0.0	0.0	0.0	0.0	0.0	0.0	0.0	0.0	0.0	0.0	0.0	0.0	0.0	0.0	0.0	0.0	0.0	-266.3	14.91	118.18	8.5	51.89	18.13	1098.0	129.34	99.3	168.67	4.18	11.31	5.15	16.5	8.25	9.49	9.36	9.55	259.0	8.61	3.37	35.12	57.67	7.51	9.79	7.72	745.51	16.21	39.95	124.87	1233.8	346.5	884.6	-12.92	-19.36	-6.45	-36.62	23.7	181.91	16.66	51.39	-34.8	3.76	14.73	-11.0	30.0	7.0	9.0	0.0	0.0	0.0	0.0	0.0	0.0	0.0	0.0	0.0	0.0	0.0	0.0	0.0	0.0	0.0	0.0	0.0	0.0	0.0	0.0	0.0	0.0
Q9Y233	p.Tyr728Ser	rs1223521909	missense variant	5c28	1.56	5c28:4XV;4llx:5ZE;5c2h:4XU;3uuo:0CV;3ui7:C1L;	Y	S	728	A	Y	728	Y	728	Y	728	Q9Y233	5c28	TYR	311	5c28_protein_Repair_12	YA728S;	alpha Helix	Helix	NO	NO	NO	group2-group2	group2-group2	group3-group1	group1-group2	group3-group1	group2-group3	group3-group3	8.1791	-67.4164	-33.9215	5.13	-2.6	-1.89	0.06	0.02	0.01	-76.0	-8.56	-8.1	-25.2	-0.44	0.27	-0.2	0.06	0.08	-0.72	0.29	0.27	-26.0	0.12	-0.03	-0.6	-1.2	0.12	0.09	0.35	-62.98	-0.1	-1.18	-0.49	-85.0	-1.7	-83.1	1.82	2.27	0.46	4.73	-2.91	-24.4	-3.14	-8.61	5.57	-1.31	-3.89	2.58	-6.0	-2.0	-1.0	-360.7	17.42	160.03	10.01	69.34	24.71	1416.0	200.26	138.6	219.58	6.35	15.68	7.05	22.75	12.01	13.66	10.34	11.38	340.0	10.83	4.83	48.71	80.52	13.04	12.76	10.8	1000.61	22.35	54.13	166.56	1655.0	440.5	1210.0	-8.82	-13.95	-5.22	-40.86	32.04	276.04	9.82	53.15	-43.28	1.02	12.28	-11.27	34.0	10.0	13.0	6.066	0.5599	0.3759	2.2872	0.0	-0.7223	4.0807	-9.0E-4	-0.5884	-0.3724	0.0	0.0	0.0	0.45	-0.5856	-0.0037	0.0	0.0	0.0	0.0	0.0	0.0
Q9Y233	p.Tyr728Ser	rs1223521909	missense variant	5c28	1.56	5c28:4XV;4llx:5ZE;5c2h:4XU;3uuo:0CV;3ui7:C1L;	Y	S	728	A	Y	728	Y	728	Y	728	Q9Y233	5c28	TYR	311	5c28_protein_Repair_WT	YA728S;	alpha Helix	Helix	NO	NO	NO	group2-group2	group2-group2	group3-group3	group1-group1	group3-group3	group2-group2	group3-group3	1.0	-78.7718	-20.3754	0.0	0.0	0.0	0.0	0.0	0.0	0.0	0.0	0.0	0.0	0.0	0.0	0.0	0.0	0.0	0.0	0.0	0.0	0.0	0.0	0.0	0.0	0.0	0.0	0.0	0.0	0.0	0.0	0.0	0.0	0.0	0.0	0.0	0.0	0.0	0.0	0.0	0.0	0.0	0.0	0.0	0.0	0.0	0.0	0.0	0.0	0.0	0.0	-396.87	18.09	171.44	59.91	74.56	26.9	1563.0	213.83	141.8	236.84	5.61	16.84	7.42	24.29	13.52	14.03	11.08	12.22	373.0	11.9	4.92	52.01	85.62	14.49	14.77	12.08	1086.49	24.44	56.85	177.94	1816.9	521.5	1290.5	-12.53	-6.58	-8.84	-46.49	33.96	279.21	13.4	58.84	-45.39	0.89	12.33	-11.46	39.0	13.0	16.0	0.0	0.0	0.0	0.0	0.0	0.0	0.0	0.0	0.0	0.0	0.0	0.0	0.0	0.0	0.0	0.0	0.0	0.0	0.0	0.0	0.0	0.0
